Year,Month,News_Based_Policy_Uncert_Index
2025,10.0,282.4214172363281
2025,9.0,321.2310791015625
2025,8.0,370.9254150390625
2025,7.0,372.06268310546875
2025,6.0,375.5852966308594
2025,5.0,563.984130859375
2025,4.0,724.9360961914062
2025,3.0,446.30316162109375
2025,2.0,329.290771484375
2025,1.0,236.7870635986328
2024,12.0,218.8455047607422
2024,11.0,225.0490264892578
2024,10.0,109.29090118408203
2024,9.0,127.39911651611328
2024,8.0,138.3664093017578
2024,7.0,144.93679809570312
2024,6.0,144.17843627929688
2024,5.0,123.60752868652344
2024,4.0,139.41201782226562
2024,3.0,116.71149444580078
2024,2.0,106.51286315917969
2024,1.0,131.27366638183594
2023,12.0,107.00157928466797
2023,11.0,140.67718505859375
2023,10.0,133.59408569335938
2023,9.0,117.69878387451172
2023,8.0,76.84422302246094
2023,7.0,132.7106170654297
2023,6.0,179.30804443359375
2023,5.0,205.17645263671875
2023,4.0,165.4175567626953
2023,3.0,200.48992919921875
2023,2.0,152.96728515625
2023,1.0,161.4271240234375
2022,12.0,150.03712463378906
2022,11.0,210.3749237060547
2022,10.0,207.27532958984375
2022,9.0,201.7384796142578
2022,8.0,183.03482055664062
2022,7.0,222.7899169921875
2022,6.0,152.81056213378906
2022,5.0,190.45301818847656
2022,4.0,168.82774353027344
2022,3.0,229.24473571777344
2022,2.0,140.4425048828125
2022,1.0,155.2796630859375
2021,12.0,201.43365478515625
2021,11.0,175.8728790283203
2021,10.0,136.9202423095703
2021,9.0,171.3004608154297
2021,8.0,157.1951904296875
2021,7.0,182.17141723632812
2021,6.0,149.13125610351562
2021,5.0,172.09619140625
2021,4.0,141.3001708984375
2021,3.0,166.78553771972656
2021,2.0,187.51962280273438
2021,1.0,261.30615234375
2020,12.0,326.6166687011719
2020,11.0,327.6095886230469
2020,10.0,305.7666320800781
2020,9.0,252.58782958984375
2020,8.0,263.471435546875
2020,7.0,427.91534423828125
2020,6.0,300.2401428222656
2020,5.0,503.9633483886719
2020,4.0,400.9447326660156
2020,3.0,425.7792053222656
2020,2.0,216.1912078857422
2020,1.0,164.7553253173828
2019,12.0,190.50491333007812
2019,11.0,170.4803466796875
2019,10.0,159.5113983154297
2019,9.0,186.6407012939453
2019,8.0,282.52294921875
2019,7.0,207.74546813964844
2019,6.0,207.9913787841797
2019,5.0,160.858154296875
2019,4.0,109.68636322021484
2019,3.0,180.63168334960938
2019,2.0,123.6392822265625
2019,1.0,284.13592529296875
2018,12.0,226.57688903808594
2018,11.0,164.94219970703125
2018,10.0,136.11465454101562
2018,9.0,120.98519134521484
2018,8.0,114.96138000488281
2018,7.0,176.20509338378906
2018,6.0,134.40277099609375
2018,5.0,162.2766876220703
2018,4.0,139.03536987304688
2018,3.0,187.0958709716797
2018,2.0,114.75556182861328
2018,1.0,160.9672088623047
2017,12.0,140.3501739501953
2017,11.0,111.28268432617188
2017,10.0,125.86585235595703
2017,9.0,116.6200180053711
2017,8.0,137.85971069335938
2017,7.0,141.13832092285156
2017,6.0,120.63846588134766
2017,5.0,129.8880615234375
2017,4.0,157.67654418945312
2017,3.0,154.60968017578125
2017,2.0,177.7777099609375
2017,1.0,195.04063415527344
2016,12.0,161.42477416992188
2016,11.0,254.101318359375
2016,10.0,108.06412506103516
2016,9.0,86.3435287475586
2016,8.0,106.88562774658203
2016,7.0,164.45838928222656
2016,6.0,233.95611572265625
2016,5.0,96.22233581542969
2016,4.0,96.41341400146484
2016,3.0,130.4901580810547
2016,2.0,148.32177734375
2016,1.0,154.85731506347656
2015,12.0,101.96343231201172
2015,11.0,89.58369445800781
2015,10.0,110.7019271850586
2015,9.0,171.93267822265625
2015,8.0,156.5036163330078
2015,7.0,98.73478698730469
2015,6.0,115.88028717041016
2015,5.0,102.3187026977539
2015,4.0,103.54495239257812
2015,3.0,95.97896575927734
2015,2.0,87.60946655273438
2015,1.0,120.54422760009766
2014,12.0,87.41532135009766
2014,11.0,93.18595123291016
2014,10.0,113.33457946777344
2014,9.0,86.21659088134766
2014,8.0,63.87733459472656
2014,7.0,78.5060043334961
2014,6.0,85.96846771240234
2014,5.0,102.01504516601562
2014,4.0,96.9934310913086
2014,3.0,101.01873016357422
2014,2.0,93.3692855834961
2014,1.0,107.70513916015625
2013,12.0,115.02074432373047
2013,11.0,89.91516876220703
2013,10.0,225.37330627441406
2013,9.0,179.8897247314453
2013,8.0,108.75836944580078
2013,7.0,91.43748474121094
2013,6.0,126.6258544921875
2013,5.0,109.02803802490234
2013,4.0,135.44058227539062
2013,3.0,146.1158447265625
2013,2.0,128.5625
2013,1.0,199.35894775390625
2012,12.0,214.9519500732422
2012,11.0,205.8646697998047
2012,10.0,166.12840270996094
2012,9.0,182.10719299316406
2012,8.0,142.95529174804688
2012,7.0,180.8035430908203
2012,6.0,197.46096801757812
2012,5.0,135.8798370361328
2012,4.0,96.96967315673828
2012,3.0,98.74810791015625
2012,2.0,119.43543243408203
2012,1.0,154.41802978515625
2011,12.0,183.088623046875
2011,11.0,143.7145538330078
2011,10.0,137.83924865722656
2011,9.0,214.4261016845703
2011,8.0,283.66558837890625
2011,7.0,207.16030883789062
2011,6.0,139.03790283203125
2011,5.0,84.54916381835938
2011,4.0,124.8465805053711
2011,3.0,153.8417205810547
2011,2.0,104.56236267089844
2011,1.0,111.49281311035156
2010,12.0,151.5533447265625
2010,11.0,175.0442657470703
2010,10.0,154.76275634765625
2010,9.0,186.74122619628906
2010,8.0,127.2281723022461
2010,7.0,196.94723510742188
2010,6.0,129.73219299316406
2010,5.0,147.76324462890625
2010,4.0,123.70220184326172
2010,3.0,124.6875
2010,2.0,116.72154998779297
2010,1.0,136.86386108398438
2009,12.0,108.3960952758789
2009,11.0,99.77926635742188
2009,10.0,86.24175262451172
2009,9.0,99.00963592529297
2009,8.0,111.1743392944336
2009,7.0,104.35511016845703
2009,6.0,112.47264099121094
2009,5.0,125.94462585449219
2009,4.0,107.92725372314453
2009,3.0,167.99122619628906
2009,2.0,202.54795837402344
2009,1.0,184.8178253173828
2008,12.0,157.82867431640625
2008,11.0,162.71337890625
2008,10.0,241.77227783203125
2008,9.0,238.171875
2008,8.0,81.1630859375
2008,7.0,115.10272216796875
2008,6.0,89.13687896728516
2008,5.0,88.67343139648438
2008,4.0,98.19770812988281
2008,3.0,114.47457122802734
2008,2.0,108.31473541259766
2008,1.0,177.04220581054688
2007,12.0,116.99089813232422
2007,11.0,106.566162109375
2007,10.0,90.64006805419922
2007,9.0,109.89265441894531
2007,8.0,90.00729370117188
2007,7.0,44.782752990722656
2007,6.0,68.75923919677734
2007,5.0,71.13732147216797
2007,4.0,59.84138870239258
2007,3.0,72.52986145019531
2007,2.0,50.86001968383789
2007,1.0,74.51002502441406
2006,12.0,51.039039611816406
2006,11.0,49.59912872314453
2006,10.0,55.62950897216797
2006,9.0,61.751346588134766
2006,8.0,71.51509857177734
2006,7.0,84.47445678710938
2006,6.0,82.5862808227539
2006,5.0,67.8097915649414
2006,4.0,81.65171813964844
2006,3.0,55.00807571411133
2006,2.0,69.49174499511719
2006,1.0,75.07923889160156
2005,12.0,70.0267562866211
2005,11.0,60.06785202026367
2005,10.0,79.82999420166016
2005,9.0,105.76985931396484
2005,8.0,59.61723327636719
2005,7.0,71.93954467773438
2005,6.0,82.00558471679688
2005,5.0,75.09077453613281
2005,4.0,78.39586639404297
2005,3.0,49.30863571166992
2005,2.0,51.69568634033203
2005,1.0,66.73433685302734
2004,12.0,66.53287506103516
2004,11.0,96.69577026367188
2004,10.0,118.34144592285156
2004,9.0,108.50958251953125
2004,8.0,84.44986724853516
2004,7.0,88.95649719238281
2004,6.0,85.27448272705078
2004,5.0,97.2080307006836
2004,4.0,79.72691345214844
2004,3.0,84.33090209960938
2004,2.0,88.90148162841797
2004,1.0,88.277587890625
2003,12.0,90.34359741210938
2003,11.0,78.69609069824219
2003,10.0,78.58598327636719
2003,9.0,109.553955078125
2003,8.0,91.71417236328125
2003,7.0,103.74824523925781
2003,6.0,110.69554901123047
2003,5.0,122.30982208251953
2003,4.0,176.57984924316406
2003,3.0,224.64720153808594
2003,2.0,161.759765625
2003,1.0,185.59161376953125
2002,12.0,160.4113311767578
2002,11.0,162.22140502929688
2002,10.0,128.97361755371094
2002,9.0,149.8481903076172
2002,8.0,136.1190643310547
2002,7.0,139.6611328125
2002,6.0,111.14994812011719
2002,5.0,98.64002990722656
2002,4.0,106.1646499633789
2002,3.0,97.51299285888672
2002,2.0,104.60943603515625
2002,1.0,148.44973754882812
2001,12.0,149.7089385986328
2001,11.0,172.48883056640625
2001,10.0,247.29428100585938
2001,9.0,272.7644958496094
2001,8.0,95.39997100830078
2001,7.0,120.29459381103516
2001,6.0,93.46123504638672
2001,5.0,117.4362564086914
2001,4.0,148.7580108642578
2001,3.0,137.37417602539062
2001,2.0,128.62564086914062
2001,1.0,142.61412048339844
2000,12.0,149.44851684570312
2000,11.0,166.18405151367188
2000,10.0,89.9134521484375
2000,9.0,73.55099487304688
2000,8.0,58.90645980834961
2000,7.0,86.65835571289062
2000,6.0,109.584228515625
2000,5.0,118.1432113647461
2000,4.0,70.59974670410156
2000,3.0,73.29862213134766
2000,2.0,73.36519622802734
2000,1.0,88.98869323730469
1999,12.0,79.32242584228516
1999,11.0,76.31718444824219
1999,10.0,65.33708190917969
1999,9.0,77.49834442138672
1999,8.0,77.02532958984375
1999,7.0,86.52993774414062
1999,6.0,74.92562866210938
1999,5.0,64.77645874023438
1999,4.0,69.78789520263672
1999,3.0,67.02757263183594
1999,2.0,94.99628448486328
1999,1.0,123.32284545898438
1998,12.0,110.89498138427734
1998,11.0,113.50474548339844
1998,10.0,145.0232391357422
1998,9.0,169.0372772216797
1998,8.0,130.467041015625
1998,7.0,101.41851806640625
1998,6.0,80.88773345947266
1998,5.0,80.12715148925781
1998,4.0,74.45728302001953
1998,3.0,83.34761810302734
1998,2.0,101.14946746826172
1998,1.0,107.9537582397461
1997,12.0,103.69952392578125
1997,11.0,85.98280334472656
1997,10.0,92.92955780029297
1997,9.0,54.414302825927734
1997,8.0,58.91501998901367
1997,7.0,76.7061996459961
1997,6.0,84.47803497314453
1997,5.0,75.86949920654297
1997,4.0,71.10443115234375
1997,3.0,70.45269012451172
1997,2.0,92.08613586425781
1997,1.0,75.44551086425781
1996,12.0,67.17334747314453
1996,11.0,74.3711929321289
1996,10.0,55.67024612426758
1996,9.0,78.98076629638672
1996,8.0,88.64742279052734
1996,7.0,69.69367218017578
1996,6.0,82.24293518066406
1996,5.0,62.10961151123047
1996,4.0,70.88105773925781
1996,3.0,76.63046264648438
1996,2.0,82.02139282226562
1996,1.0,101.5782241821289
1995,12.0,90.67060089111328
1995,11.0,101.20011901855469
1995,10.0,79.905517578125
1995,9.0,70.38091278076172
1995,8.0,55.88801193237305
1995,7.0,81.65293884277344
1995,6.0,75.8233871459961
1995,5.0,67.30165100097656
1995,4.0,65.99556732177734
1995,3.0,86.48616790771484
1995,2.0,100.51555633544922
1995,1.0,122.4063720703125
1994,12.0,94.76318359375
1994,11.0,94.6872787475586
1994,10.0,61.68622589111328
1994,9.0,85.29350280761719
1994,8.0,88.99729919433594
1994,7.0,75.43205261230469
1994,6.0,87.4688949584961
1994,5.0,94.5038833618164
1994,4.0,106.35444641113281
1994,3.0,83.22688293457031
1994,2.0,96.1456527709961
1994,1.0,82.29280090332031
1993,12.0,77.27201843261719
1993,11.0,89.25749969482422
1993,10.0,78.82251739501953
1993,9.0,116.02729797363281
1993,8.0,115.576171875
1993,7.0,106.50299072265625
1993,6.0,120.68006134033203
1993,5.0,133.50575256347656
1993,4.0,89.651123046875
1993,3.0,109.79681396484375
1993,2.0,106.97611999511719
1993,1.0,83.46498107910156
1992,12.0,87.8720932006836
1992,11.0,108.15007019042969
1992,10.0,161.2542266845703
1992,9.0,141.4432373046875
1992,8.0,122.40711975097656
1992,7.0,119.6131820678711
1992,6.0,122.29350280761719
1992,5.0,78.68047332763672
1992,4.0,89.85423278808594
1992,3.0,96.82842254638672
1992,2.0,154.596923828125
1992,1.0,116.36485290527344
1991,12.0,171.01097106933594
1991,11.0,140.61236572265625
1991,10.0,108.12096405029297
1991,9.0,127.29444122314453
1991,8.0,99.12208557128906
1991,7.0,80.64899444580078
1991,6.0,85.91903686523438
1991,5.0,82.1478271484375
1991,4.0,93.01464080810547
1991,3.0,107.93748474121094
1991,2.0,106.51805877685547
1991,1.0,204.0105438232422
1990,12.0,134.06153869628906
1990,11.0,152.4486083984375
1990,10.0,137.6742401123047
1990,9.0,165.93844604492188
1990,8.0,139.32269287109375
1990,7.0,86.2801742553711
1990,6.0,100.86434173583984
1990,5.0,97.38793182373047
1990,4.0,88.44817352294922
1990,3.0,104.46141052246094
1990,2.0,110.44627380371094
1990,1.0,92.32149505615234
1989,12.0,103.79668426513672
1989,11.0,105.0474853515625
1989,10.0,76.44955444335938
1989,9.0,74.69548034667969
1989,8.0,83.10930633544922
1989,7.0,78.256591796875
1989,6.0,95.78630828857422
1989,5.0,83.75286865234375
1989,4.0,92.37982940673828
1989,3.0,72.52325439453125
1989,2.0,51.350643157958984
1989,1.0,87.42640686035156
1988,12.0,77.8281021118164
1988,11.0,102.23400115966797
1988,10.0,98.25379943847656
1988,9.0,85.3568115234375
1988,8.0,94.88969421386719
1988,7.0,80.83588409423828
1988,6.0,88.28594970703125
1988,5.0,99.12745666503906
1988,4.0,97.85680389404297
1988,3.0,82.35363006591797
1988,2.0,102.03289031982422
1988,1.0,142.8728485107422
1987,12.0,149.01113891601562
1987,11.0,183.10252380371094
1987,10.0,170.3220672607422
1987,9.0,59.86959457397461
1987,8.0,52.79015350341797
1987,7.0,81.38941192626953
1987,6.0,106.5728530883789
1987,5.0,87.58505249023438
1987,4.0,79.53235626220703
1987,3.0,99.05958557128906
1987,2.0,76.96607208251953
1987,1.0,110.43331909179688
1986,12.0,87.97968292236328
1986,11.0,98.32894134521484
1986,10.0,91.82046508789062
1986,9.0,125.89421844482422
1986,8.0,118.30259704589844
1986,7.0,130.82106018066406
1986,6.0,115.05229187011719
1986,5.0,132.38616943359375
1986,4.0,102.47735595703125
1986,3.0,120.16004943847656
1986,2.0,118.99353790283203
1986,1.0,144.2664794921875
1985,12.0,104.17721557617188
1985,11.0,85.09912872314453
1985,10.0,93.09910583496094
1985,9.0,111.18446350097656
1985,8.0,111.24700927734375
1985,7.0,111.41510772705078
1985,6.0,119.5971450805664
1985,5.0,98.05365753173828
1985,4.0,84.77886962890625
1985,3.0,100.76148223876953
1985,2.0,78.31320190429688
1985,1.0,103.7488021850586
1984,12.0,129.87123107910156
1984,11.0,106.90444946289062
1984,10.0,91.10417175292969
1984,9.0,88.63725280761719
1984,8.0,103.43077087402344
1984,7.0,98.23896026611328
1984,6.0,107.43720245361328
1984,5.0,85.63728332519531
1984,4.0,88.73534393310547
1984,3.0,99.4737548828125
1984,2.0,122.94157409667969
1984,1.0,120.50577545166016
1983,12.0,81.43585205078125
1983,11.0,99.47738647460938
1983,10.0,97.20953369140625
1983,9.0,90.22024536132812
1983,8.0,84.14592742919922
1983,7.0,108.59049987792969
1983,6.0,106.10846710205078
1983,5.0,97.01246643066406
1983,4.0,103.4535140991211
1983,3.0,104.21082305908203
1983,2.0,115.98873901367188
1983,1.0,119.60696411132812
1982,12.0,111.54712677001953
1982,11.0,103.15013122558594
1982,10.0,108.55278778076172
1982,9.0,114.9473876953125
1982,8.0,116.8739242553711
1982,7.0,108.7554931640625
1982,6.0,125.7278060913086
1982,5.0,119.34410095214844
1982,4.0,110.73381042480469
1982,3.0,118.2138442993164
1982,2.0,101.9360122680664
1982,1.0,123.9594497680664
1981,12.0,87.0409927368164
1981,11.0,78.63443756103516
1981,10.0,101.42037200927734
1981,9.0,111.77701568603516
1981,8.0,79.28535461425781
1981,7.0,100.127197265625
1981,6.0,104.64600372314453
1981,5.0,80.36582946777344
1981,4.0,92.28021240234375
1981,3.0,81.11209869384766
1981,2.0,80.0308837890625
1981,1.0,109.16925811767578
1980,12.0,85.77848815917969
1980,11.0,96.39214324951172
1980,10.0,87.09196472167969
1980,9.0,80.98445129394531
1980,8.0,94.4590835571289
1980,7.0,102.06499481201172
1980,6.0,77.2616195678711
1980,5.0,81.989501953125
1980,4.0,95.0269546508789
1980,3.0,83.00114440917969
1980,2.0,77.07048034667969
1980,1.0,104.43278503417969
1979,12.0,105.3691635131836
1979,11.0,116.1563949584961
1979,10.0,120.16104888916016
1979,9.0,94.93368530273438
1979,8.0,65.00688171386719
1979,7.0,129.59658813476562
1979,6.0,93.99671936035156
1979,5.0,94.07613372802734
1979,4.0,95.04792022705078
1979,3.0,90.83338928222656
1979,2.0,108.878173828125
1979,1.0,85.15001678466797
1978,12.0,92.04876708984375
1978,11.0,93.70518493652344
1978,10.0,77.39667510986328
1978,9.0,83.70162963867188
1978,8.0,76.22604370117188
1978,7.0,103.36460876464844
1978,6.0,82.96484375
1978,5.0,79.21830749511719
1978,4.0,85.0693359375
1978,3.0,101.88348388671875
1978,2.0,97.02513122558594
1978,1.0,109.37018585205078
1977,12.0,117.11559295654297
1977,11.0,97.80889129638672
1977,10.0,97.91661071777344
1977,9.0,73.68521881103516
1977,8.0,71.94802856445312
1977,7.0,80.22698974609375
1977,6.0,70.41492462158203
1977,5.0,98.41832733154297
1977,4.0,83.68355560302734
1977,3.0,62.15658950805664
1977,2.0,72.60132598876953
1977,1.0,79.98651123046875
1976,12.0,79.4903564453125
1976,11.0,99.77877044677734
1976,10.0,70.5735855102539
1976,9.0,75.0714111328125
1976,8.0,79.23853302001953
1976,7.0,54.345272064208984
1976,6.0,62.33986282348633
1976,5.0,80.29100036621094
1976,4.0,64.39155578613281
1976,3.0,75.14356994628906
1976,2.0,65.12679290771484
1976,1.0,86.63314819335938
1975,12.0,100.86376190185547
1975,11.0,95.72262573242188
1975,10.0,105.81664276123047
1975,9.0,85.79560089111328
1975,8.0,81.19625854492188
1975,7.0,81.98846435546875
1975,6.0,79.6019287109375
1975,5.0,77.82867431640625
1975,4.0,83.95426177978516
1975,3.0,86.50275421142578
1975,2.0,78.77194213867188
1975,1.0,96.24026489257812
1974,12.0,120.38019561767578
1974,11.0,93.21525573730469
1974,10.0,91.89881896972656
1974,9.0,77.50254821777344
1974,8.0,112.01446533203125
1974,7.0,92.5079574584961
1974,6.0,90.92058563232422
1974,5.0,105.90605926513672
1974,4.0,77.31370544433594
1974,3.0,99.99369049072266
1974,2.0,109.72602081298828
1974,1.0,118.71155548095703
1973,12.0,112.02031707763672
1973,11.0,101.72004699707031
1973,10.0,103.71814727783203
1973,9.0,62.645259857177734
1973,8.0,99.78765869140625
1973,7.0,80.31189727783203
1973,6.0,98.06449127197266
1973,5.0,82.02454376220703
1973,4.0,72.55245208740234
1973,3.0,82.17804718017578
1973,2.0,82.56685638427734
1973,1.0,92.8237075805664
1972,12.0,66.05831909179688
1972,11.0,75.42694854736328
1972,10.0,56.23511505126953
1972,9.0,63.52885055541992
1972,8.0,60.90557861328125
1972,7.0,64.58624267578125
1972,6.0,57.130977630615234
1972,5.0,72.42741394042969
1972,4.0,58.78318786621094
1972,3.0,62.708553314208984
1972,2.0,53.1669921875
1972,1.0,83.31001281738281
1971,12.0,80.25196075439453
1971,11.0,113.88128662109375
1971,10.0,72.9177474975586
1971,9.0,77.79325866699219
1971,8.0,97.00557708740234
1971,7.0,71.0326919555664
1971,6.0,71.19012451171875
1971,5.0,56.6985969543457
1971,4.0,54.90763854980469
1971,3.0,56.23683166503906
1971,2.0,59.02602005004883
1971,1.0,69.0033187866211
1970,12.0,70.27073669433594
1970,11.0,58.35181427001953
1970,10.0,47.58483123779297
1970,9.0,58.8025016784668
1970,8.0,43.84640884399414
1970,7.0,49.26200866699219
1970,6.0,69.6214599609375
1970,5.0,75.37850189208984
1970,4.0,42.45149230957031
1970,3.0,40.65895462036133
1970,2.0,42.5462532043457
1970,1.0,56.043006896972656
1969,12.0,74.22593688964844
1969,11.0,54.52425765991211
1969,10.0,55.906089782714844
1969,9.0,47.24720001220703
1969,8.0,51.62115478515625
1969,7.0,63.03061294555664
1969,6.0,50.30533981323242
1969,5.0,51.7662239074707
1969,4.0,53.195011138916016
1969,3.0,57.02035903930664
1969,2.0,59.59177780151367
1969,1.0,65.94763946533203
1968,12.0,56.19827651977539
1968,11.0,67.57949829101562
1968,10.0,53.073604583740234
1968,9.0,42.70125961303711
1968,8.0,52.048492431640625
1968,7.0,56.49348068237305
1968,6.0,54.040809631347656
1968,5.0,60.48408889770508
1968,4.0,76.4150390625
1968,3.0,91.10498809814453
1968,2.0,60.624267578125
1968,1.0,106.39665985107422
1967,12.0,67.47095489501953
1967,11.0,64.61830139160156
1967,10.0,62.8795280456543
1967,9.0,39.52046585083008
1967,8.0,46.59029006958008
1967,7.0,42.298458099365234
1967,6.0,77.29192352294922
1967,5.0,49.81781005859375
1967,4.0,43.05897521972656
1967,3.0,49.358001708984375
1967,2.0,49.59184646606445
1967,1.0,66.87755584716797
1966,12.0,61.44903564453125
1966,11.0,49.02821350097656
1966,10.0,56.47536849975586
1966,9.0,49.38844299316406
1966,8.0,46.762542724609375
1966,7.0,46.00615310668945
1966,6.0,34.28120422363281
1966,5.0,51.00079345703125
1966,4.0,29.71722412109375
1966,3.0,47.2139778137207
1966,2.0,45.875633239746094
1966,1.0,59.783470153808594
1965,12.0,55.079593658447266
1965,11.0,34.24488067626953
1965,10.0,38.315128326416016
1965,9.0,37.94491195678711
1965,8.0,44.432228088378906
1965,7.0,41.39009475708008
1965,6.0,45.55638122558594
1965,5.0,40.64967346191406
1965,4.0,43.39658737182617
1965,3.0,25.874006271362305
1965,2.0,38.108341217041016
1965,1.0,36.32917404174805
1964,12.0,50.15733337402344
1964,11.0,43.798622131347656
1964,10.0,36.56494140625
1964,9.0,43.928977966308594
1964,8.0,52.334983825683594
1964,7.0,35.53628921508789
1964,6.0,40.306549072265625
1964,5.0,28.515474319458008
1964,4.0,34.70920944213867
1964,3.0,44.78541946411133
1964,2.0,35.37896728515625
1964,1.0,49.51094436645508
1963,12.0,49.6639404296875
1963,11.0,39.34792709350586
1963,10.0,34.41059494018555
1963,9.0,47.05776596069336
1963,8.0,41.85039520263672
1963,7.0,49.30331039428711
1963,6.0,45.99354934692383
1963,5.0,39.974273681640625
1963,4.0,34.92399215698242
1963,3.0,40.60670852661133
1963,2.0,54.3271369934082
1963,1.0,58.063331604003906
1962,12.0,41.248287200927734
1962,11.0,38.79069519042969
1962,10.0,43.53244400024414
1962,9.0,49.972103118896484
1962,8.0,55.122467041015625
1962,7.0,51.63606262207031
1962,6.0,53.72514343261719
1962,5.0,29.902374267578125
1962,4.0,35.06687545776367
1962,3.0,31.648828506469727
1962,2.0,28.510250091552734
1962,1.0,43.64852523803711
1961,12.0,34.20832061767578
1961,11.0,37.856689453125
1961,10.0,29.784791946411133
1961,9.0,34.10834884643555
1961,8.0,39.54563903808594
1961,7.0,34.116695404052734
1961,6.0,42.02440643310547
1961,5.0,34.99201583862305
1961,4.0,22.4534854888916
1961,3.0,29.457746505737305
1961,2.0,30.763587951660156
1961,1.0,45.98219299316406
1960,12.0,33.63793182373047
1960,11.0,49.29368591308594
1960,10.0,32.35335159301758
1960,9.0,33.123470306396484
1960,8.0,37.13847732543945
1960,7.0,38.621429443359375
1960,6.0,33.491455078125
1960,5.0,34.76274108886719
1960,4.0,34.07809829711914
1960,3.0,26.086862564086914
1960,2.0,43.39340591430664
1960,1.0,45.83526611328125
1959,12.0,33.62504577636719
1959,11.0,27.319738388061523
1959,10.0,26.40721893310547
1959,9.0,33.905357360839844
1959,8.0,30.146257400512695
1959,7.0,31.604961395263672
1959,6.0,27.022289276123047
1959,5.0,26.52694320678711
1959,4.0,30.38309669494629
1959,3.0,32.4815788269043
1959,2.0,35.48417282104492
1959,1.0,32.46114730834961
1958,12.0,36.66877746582031
1958,11.0,34.483238220214844
1958,10.0,30.09058952331543
1958,9.0,23.560762405395508
1958,8.0,30.381444931030273
1958,7.0,44.65729522705078
1958,6.0,42.007591247558594
1958,5.0,53.74629211425781
1958,4.0,39.66128921508789
1958,3.0,39.76089096069336
1958,2.0,41.42732620239258
1958,1.0,49.83979797363281
1957,12.0,44.43880844116211
1957,11.0,38.60612487792969
1957,10.0,23.647541046142578
1957,9.0,25.656452178955078
1957,8.0,37.40061569213867
1957,7.0,41.431236267089844
1957,6.0,40.46622085571289
1957,5.0,32.47182083129883
1957,4.0,30.692184448242188
1957,3.0,30.22292137145996
1957,2.0,43.276493072509766
1957,1.0,56.51106262207031
1956,12.0,40.628292083740234
1956,11.0,48.464210510253906
1956,10.0,33.70362854003906
1956,9.0,21.944469451904297
1956,8.0,28.826005935668945
1956,7.0,40.887386322021484
1956,6.0,29.775596618652344
1956,5.0,30.228870391845703
1956,4.0,38.20358657836914
1956,3.0,45.707923889160156
1956,2.0,50.98711013793945
1956,1.0,51.984458923339844
1955,12.0,28.032381057739258
1955,11.0,36.97562026977539
1955,10.0,30.72699737548828
1955,9.0,30.295133590698242
1955,8.0,32.80234146118164
1955,7.0,26.707141876220703
1955,6.0,23.621898651123047
1955,5.0,35.33110046386719
1955,4.0,40.43146514892578
1955,3.0,42.571598052978516
1955,2.0,53.741641998291016
1955,1.0,55.49054718017578
1954,12.0,32.903358459472656
1954,11.0,42.83280563354492
1954,10.0,43.427093505859375
1954,9.0,44.30973434448242
1954,8.0,36.316471099853516
1954,7.0,35.61130142211914
1954,6.0,57.60301208496094
1954,5.0,36.600582122802734
1954,4.0,33.64402770996094
1954,3.0,54.562034606933594
1954,2.0,66.41368865966797
1954,1.0,70.05538177490234
1953,12.0,52.97911071777344
1953,11.0,56.2180061340332
1953,10.0,47.95166778564453
1953,9.0,33.665802001953125
1953,8.0,44.8731689453125
1953,7.0,53.862388610839844
1953,6.0,74.44916534423828
1953,5.0,44.27014923095703
1953,4.0,58.25757598876953
1953,3.0,72.76110076904297
1953,2.0,42.60120391845703
1953,1.0,42.517093658447266
1952,12.0,48.10459899902344
1952,11.0,50.28921890258789
1952,10.0,63.926063537597656
1952,9.0,40.625431060791016
1952,8.0,41.55663299560547
1952,7.0,58.37101745605469
1952,6.0,65.03535461425781
1952,5.0,62.85959243774414
1952,4.0,42.3479118347168
1952,3.0,43.067230224609375
1952,2.0,42.192405700683594
1952,1.0,70.91930389404297
1951,12.0,35.97960662841797
1951,11.0,41.27049255371094
1951,10.0,45.35029602050781
1951,9.0,51.52090835571289
1951,8.0,55.52988815307617
1951,7.0,88.51915740966797
1951,6.0,60.474369049072266
1951,5.0,65.61259460449219
1951,4.0,60.76774215698242
1951,3.0,54.94166564941406
1951,2.0,51.642669677734375
1951,1.0,97.29051208496094
1950,12.0,67.38768768310547
1950,11.0,72.26731872558594
1950,10.0,55.63600158691406
1950,9.0,57.42730712890625
1950,8.0,66.34371185302734
1950,7.0,78.20221710205078
1950,6.0,60.90484619140625
1950,5.0,41.587581634521484
1950,4.0,42.23950958251953
1950,3.0,39.713890075683594
1950,2.0,49.59324645996094
1950,1.0,74.30217742919922
1949,12.0,48.72783279418945
1949,11.0,37.5526123046875
1949,10.0,48.69102478027344
1949,9.0,53.8007926940918
1949,8.0,52.864662170410156
1949,7.0,66.25606536865234
1949,6.0,56.18190383911133
1949,5.0,44.31493377685547
1949,4.0,54.15279006958008
1949,3.0,58.47041320800781
1949,2.0,72.50230407714844
1949,1.0,102.56137084960938
1948,12.0,58.4269905090332
1948,11.0,68.2014389038086
1948,10.0,68.99615478515625
1948,9.0,76.21752166748047
1948,8.0,51.403926849365234
1948,7.0,65.23048400878906
1948,6.0,54.71269607543945
1948,5.0,51.27586364746094
1948,4.0,64.30474090576172
1948,3.0,52.887752532958984
1948,2.0,63.11259078979492
1948,1.0,88.50567626953125
1947,12.0,87.83045196533203
1947,11.0,101.66551971435547
1947,10.0,63.51750183105469
1947,9.0,84.24446105957031
1947,8.0,82.97003173828125
1947,7.0,83.29164123535156
1947,6.0,104.32714080810547
1947,5.0,120.83938598632812
1947,4.0,114.07220458984375
1947,3.0,96.7155990600586
1947,2.0,112.75977325439453
1947,1.0,84.65430450439453
1946,12.0,88.5372314453125
1946,11.0,84.51598358154297
1946,10.0,86.23241424560547
1946,9.0,89.02879333496094
1946,8.0,85.67446899414062
1946,7.0,126.34391021728516
1946,6.0,86.77042388916016
1946,5.0,82.59567260742188
1946,4.0,97.83712005615234
1946,3.0,111.86947631835938
1946,2.0,81.09283447265625
1946,1.0,96.19152069091797
1945,12.0,102.88497924804688
1945,11.0,97.89179229736328
1945,10.0,133.81185913085938
1945,9.0,130.2259521484375
1945,8.0,153.88194274902344
1945,7.0,110.393310546875
1945,6.0,96.85577392578125
1945,5.0,85.48606872558594
1945,4.0,92.11566925048828
1945,3.0,100.26225280761719
1945,2.0,74.43086242675781
1945,1.0,71.29605102539062
1944,12.0,112.77466583251953
1944,11.0,88.47982025146484
1944,10.0,108.25918579101562
1944,9.0,112.82067108154297
1944,8.0,77.21968841552734
1944,7.0,84.69593811035156
1944,6.0,70.14569854736328
1944,5.0,90.37671661376953
1944,4.0,145.522216796875
1944,3.0,74.79618072509766
1944,2.0,97.86571502685547
1944,1.0,83.6119155883789
1943,12.0,91.57743072509766
1943,11.0,99.65400695800781
1943,10.0,88.57620239257812
1943,9.0,117.49409484863281
1943,8.0,94.38314819335938
1943,7.0,114.34810638427734
1943,6.0,115.06925964355469
1943,5.0,132.87489318847656
1943,4.0,102.49928283691406
1943,3.0,148.20716857910156
1943,2.0,90.97022247314453
1943,1.0,108.81623840332031
1942,12.0,149.3841094970703
1942,11.0,99.95902252197266
1942,10.0,124.66378784179688
1942,9.0,157.62344360351562
1942,8.0,133.3668975830078
1942,7.0,139.4993133544922
1942,6.0,117.37763214111328
1942,5.0,164.77328491210938
1942,4.0,159.55123901367188
1942,3.0,114.48397827148438
1942,2.0,121.45503997802734
1942,1.0,159.5665740966797
1941,12.0,153.64739990234375
1941,11.0,100.07341003417969
1941,10.0,88.13531494140625
1941,9.0,82.73213958740234
1941,8.0,104.92664337158203
1941,7.0,109.49182891845703
1941,6.0,119.29386901855469
1941,5.0,97.11018371582031
1941,4.0,95.02481079101562
1941,3.0,118.57723999023438
1941,2.0,129.56192016601562
1941,1.0,137.09921264648438
1940,12.0,123.10249328613281
1940,11.0,110.39938354492188
1940,10.0,142.43763732910156
1940,9.0,149.90048217773438
1940,8.0,164.3732147216797
1940,7.0,123.62146759033203
1940,6.0,175.1717071533203
1940,5.0,141.49615478515625
1940,4.0,135.11534118652344
1940,3.0,131.36605834960938
1940,2.0,113.58856964111328
1940,1.0,154.60806274414062
1939,12.0,108.228515625
1939,11.0,121.60173034667969
1939,10.0,177.34228515625
1939,9.0,176.2678985595703
1939,8.0,115.04525756835938
1939,7.0,111.34065246582031
1939,6.0,97.01209259033203
1939,5.0,126.9454116821289
1939,4.0,135.25787353515625
1939,3.0,98.46559143066406
1939,2.0,112.44357299804688
1939,1.0,117.27754211425781
1938,12.0,98.23370361328125
1938,11.0,108.0186996459961
1938,10.0,131.23663330078125
1938,9.0,174.96389770507812
1938,8.0,107.33711242675781
1938,7.0,93.91314697265625
1938,6.0,131.38909912109375
1938,5.0,140.7748565673828
1938,4.0,137.31459045410156
1938,3.0,126.12654113769531
1938,2.0,139.51976013183594
1938,1.0,201.80567932128906
1937,12.0,163.9070587158203
1937,11.0,176.98934936523438
1937,10.0,95.19335174560547
1937,9.0,127.65160369873047
1937,8.0,121.74901580810547
1937,7.0,115.51488494873047
1937,6.0,135.75521850585938
1937,5.0,99.70653533935547
1937,4.0,111.24967193603516
1937,3.0,87.29718017578125
1937,2.0,94.69801330566406
1937,1.0,131.32049560546875
1936,12.0,72.99134826660156
1936,11.0,92.31229400634766
1936,10.0,95.13304901123047
1936,9.0,90.53437042236328
1936,8.0,103.09708404541016
1936,7.0,94.561767578125
1936,6.0,152.52735900878906
1936,5.0,151.99957275390625
1936,4.0,121.05549621582031
1936,3.0,121.74530792236328
1936,2.0,127.45201873779297
1936,1.0,194.165771484375
1935,12.0,139.05931091308594
1935,11.0,109.4326400756836
1935,10.0,139.11769104003906
1935,9.0,157.32266235351562
1935,8.0,127.00142669677734
1935,7.0,138.33311462402344
1935,6.0,173.86647033691406
1935,5.0,211.27810668945312
1935,4.0,150.29061889648438
1935,3.0,235.13955688476562
1935,2.0,182.12684631347656
1935,1.0,180.5511016845703
1934,12.0,130.18016052246094
1934,11.0,125.506591796875
1934,10.0,169.45938110351562
1934,9.0,169.5688018798828
1934,8.0,126.76834869384766
1934,7.0,130.1663055419922
1934,6.0,160.84019470214844
1934,5.0,154.95523071289062
1934,4.0,129.2752685546875
1934,3.0,143.81593322753906
1934,2.0,101.67915344238281
1934,1.0,134.86521911621094
1933,12.0,136.4877166748047
1933,11.0,129.8596649169922
1933,10.0,105.74114990234375
1933,9.0,94.48775482177734
1933,8.0,80.52570343017578
1933,7.0,66.61824798583984
1933,6.0,121.16543579101562
1933,5.0,112.60130310058594
1933,4.0,132.79525756835938
1933,3.0,99.4438247680664
1933,2.0,119.43470764160156
1933,1.0,131.82769775390625
1932,12.0,141.0662384033203
1932,11.0,174.4563446044922
1932,10.0,116.12869262695312
1932,9.0,64.8817367553711
1932,8.0,74.71379852294922
1932,7.0,113.46255493164062
1932,6.0,165.58563232421875
1932,5.0,190.28506469726562
1932,4.0,114.77009582519531
1932,3.0,108.30660247802734
1932,2.0,100.16490173339844
1932,1.0,117.8451919555664
1931,12.0,100.78182220458984
1931,11.0,60.72800064086914
1931,10.0,75.62246704101562
1931,9.0,64.16844177246094
1931,8.0,72.8230972290039
1931,7.0,53.063812255859375
1931,6.0,72.94316101074219
1931,5.0,69.72013854980469
1931,4.0,58.744781494140625
1931,3.0,77.17323303222656
1931,2.0,71.97428894042969
1931,1.0,70.56440734863281
1930,12.0,63.622501373291016
1930,11.0,77.88690948486328
1930,10.0,57.407135009765625
1930,9.0,61.070213317871094
1930,8.0,59.108299255371094
1930,7.0,52.835906982421875
1930,6.0,87.94817352294922
1930,5.0,52.3644905090332
1930,4.0,56.55649185180664
1930,3.0,65.17671966552734
1930,2.0,78.4232177734375
1930,1.0,63.719703674316406
1929,12.0,75.81005096435547
1929,11.0,59.97715377807617
1929,10.0,55.104366302490234
1929,9.0,65.50800323486328
1929,8.0,65.56918334960938
1929,7.0,71.42847442626953
1929,6.0,79.38507843017578
1929,5.0,68.06065368652344
1929,4.0,81.87703704833984
1929,3.0,74.92434692382812
1929,2.0,90.8905029296875
1929,1.0,65.44038391113281
1928,12.0,45.029964447021484
1928,11.0,61.00888442993164
1928,10.0,54.07630157470703
1928,9.0,54.61354064941406
1928,8.0,75.0154037475586
1928,7.0,62.907814025878906
1928,6.0,47.83356857299805
1928,5.0,41.832088470458984
1928,4.0,51.79481887817383
1928,3.0,44.918907165527344
1928,2.0,49.88764190673828
1928,1.0,61.20853042602539
1927,12.0,64.52143859863281
1927,11.0,49.071590423583984
1927,10.0,50.89272689819336
1927,9.0,53.29941940307617
1927,8.0,54.52116775512695
1927,7.0,65.68305206298828
1927,6.0,57.77877426147461
1927,5.0,52.67005157470703
1927,4.0,51.70291519165039
1927,3.0,43.03483963012695
1927,2.0,50.01869583129883
1927,1.0,59.18453598022461
1926,12.0,62.091617584228516
1926,11.0,84.53488159179688
1926,10.0,58.72114181518555
1926,9.0,62.54092025756836
1926,8.0,66.7739486694336
1926,7.0,64.70726013183594
1926,6.0,49.91017150878906
1926,5.0,59.496490478515625
1926,4.0,39.027740478515625
1926,3.0,43.1116943359375
1926,2.0,54.62722396850586
1926,1.0,52.51622009277344
1925,12.0,53.24467849731445
1925,11.0,66.76322937011719
1925,10.0,69.76168060302734
1925,9.0,53.36880874633789
1925,8.0,58.132347106933594
1925,7.0,33.300533294677734
1925,6.0,55.59617233276367
1925,5.0,65.02545928955078
1925,4.0,62.05057144165039
1925,3.0,65.35820770263672
1925,2.0,47.30826187133789
1925,1.0,78.59620666503906
1924,12.0,77.578857421875
1924,11.0,100.65839385986328
1924,10.0,104.74446868896484
1924,9.0,58.98926544189453
1924,8.0,85.832275390625
1924,7.0,73.27120971679688
1924,6.0,91.37962341308594
1924,5.0,123.79964447021484
1924,4.0,81.89933776855469
1924,3.0,77.11322784423828
1924,2.0,60.34196853637695
1924,1.0,80.48955535888672
1923,12.0,65.94435119628906
1923,11.0,62.571903228759766
1923,10.0,67.12431335449219
1923,9.0,63.22358703613281
1923,8.0,66.0148696899414
1923,7.0,86.376953125
1923,6.0,62.724430084228516
1923,5.0,64.41382598876953
1923,4.0,61.30518341064453
1923,3.0,48.19808578491211
1923,2.0,57.68766784667969
1923,1.0,79.2094955444336
1922,12.0,50.35531234741211
1922,11.0,57.144840240478516
1922,10.0,48.91262435913086
1922,9.0,66.1513442993164
1922,8.0,65.63349151611328
1922,7.0,68.23258209228516
1922,6.0,65.63611602783203
1922,5.0,58.817787170410156
1922,4.0,60.35594940185547
1922,3.0,60.03712463378906
1922,2.0,72.63362121582031
1922,1.0,74.33351135253906
1921,12.0,72.6790771484375
1921,11.0,55.61292266845703
1921,10.0,65.5964126586914
1921,9.0,103.87069702148438
1921,8.0,101.42926025390625
1921,7.0,73.96172332763672
1921,6.0,77.66835021972656
1921,5.0,70.1708984375
1921,4.0,69.65597534179688
1921,3.0,68.96781158447266
1921,2.0,49.32485580444336
1921,1.0,51.59019470214844
1920,12.0,60.074214935302734
1920,11.0,50.89763641357422
1920,10.0,71.99478912353516
1920,9.0,53.848724365234375
1920,8.0,82.25347137451172
1920,7.0,62.129615783691406
1920,6.0,93.43032836914062
1920,5.0,52.234737396240234
1920,4.0,49.13420104980469
1920,3.0,65.55603790283203
1920,2.0,66.25150299072266
1920,1.0,54.07817840576172
1919,12.0,111.76301574707031
1919,11.0,95.68795776367188
1919,10.0,85.01287841796875
1919,9.0,88.6717758178711
1919,8.0,100.90606689453125
1919,7.0,107.82408142089844
1919,6.0,95.63216400146484
1919,5.0,98.17317199707031
1919,4.0,84.65274810791016
1919,3.0,107.28392028808594
1919,2.0,132.69227600097656
1919,1.0,149.58828735351562
1918,12.0,190.02243041992188
1918,11.0,170.38885498046875
1918,10.0,79.39411163330078
1918,9.0,80.35545349121094
1918,8.0,83.83831787109375
1918,7.0,130.36611938476562
1918,6.0,101.37992095947266
1918,5.0,113.96063232421875
1918,4.0,89.73483276367188
1918,3.0,87.71702575683594
1918,2.0,122.75621795654297
1918,1.0,115.80137634277344
1917,12.0,105.82508850097656
1917,11.0,88.6031723022461
1917,10.0,83.21429443359375
1917,9.0,99.19682312011719
1917,8.0,107.9390640258789
1917,7.0,119.24156951904297
1917,6.0,77.69361877441406
1917,5.0,58.12508773803711
1917,4.0,90.78649139404297
1917,3.0,60.6544189453125
1917,2.0,88.45736694335938
1917,1.0,45.7646598815918
1916,12.0,69.3171157836914
1916,11.0,67.06037902832031
1916,10.0,78.60932159423828
1916,9.0,60.54647445678711
1916,8.0,91.23211669921875
1916,7.0,68.7464599609375
1916,6.0,87.22057342529297
1916,5.0,83.19287872314453
1916,4.0,87.14967346191406
1916,3.0,100.26907348632812
1916,2.0,89.88197326660156
1916,1.0,74.10184478759766
1915,12.0,81.66011047363281
1915,11.0,88.1344985961914
1915,10.0,83.71015167236328
1915,9.0,96.68174743652344
1915,8.0,125.60237884521484
1915,7.0,92.43446350097656
1915,6.0,93.63154602050781
1915,5.0,102.53114318847656
1915,4.0,69.89427185058594
1915,3.0,111.80428314208984
1915,2.0,117.5858154296875
1915,1.0,98.92425537109375
1914,12.0,74.59051513671875
1914,11.0,110.18186950683594
1914,10.0,81.64744567871094
1914,9.0,135.14756774902344
1914,8.0,167.93690490722656
1914,7.0,113.56249237060547
1914,6.0,120.9225845336914
1914,5.0,62.889373779296875
1914,4.0,75.95466613769531
1914,3.0,59.836116790771484
1914,2.0,73.83674621582031
1914,1.0,102.75458526611328
1913,12.0,115.13215637207031
1913,11.0,100.83190155029297
1913,10.0,91.99557495117188
1913,9.0,82.99121856689453
1913,8.0,80.75226593017578
1913,7.0,78.65910339355469
1913,6.0,88.08856964111328
1913,5.0,78.8904037475586
1913,4.0,100.68077087402344
1913,3.0,80.47925567626953
1913,2.0,78.93478393554688
1913,1.0,68.70780181884766
1912,12.0,72.43675231933594
1912,11.0,95.51644134521484
1912,10.0,44.15481948852539
1912,9.0,43.40501022338867
1912,8.0,57.15520477294922
1912,7.0,56.048423767089844
1912,6.0,61.58728790283203
1912,5.0,35.759090423583984
1912,4.0,40.40233612060547
1912,3.0,59.91710662841797
1912,2.0,72.16986846923828
1912,1.0,57.020694732666016
1911,12.0,74.02960205078125
1911,11.0,67.74764251708984
1911,10.0,75.97918701171875
1911,9.0,62.39548110961914
1911,8.0,71.26988220214844
1911,7.0,55.89784240722656
1911,6.0,65.36824035644531
1911,5.0,74.9835433959961
1911,4.0,86.71923065185547
1911,3.0,66.21092224121094
1911,2.0,77.77629852294922
1911,1.0,46.55912399291992
1910,12.0,57.85151672363281
1910,11.0,86.76094818115234
1910,10.0,56.070716857910156
1910,9.0,71.81887817382812
1910,8.0,42.800384521484375
1910,7.0,63.359920501708984
1910,6.0,82.66057586669922
1910,5.0,62.06953048706055
1910,4.0,64.63379669189453
1910,3.0,57.8424072265625
1910,2.0,83.8842544555664
1910,1.0,79.91123962402344
1909,12.0,77.906982421875
1909,11.0,48.36732864379883
1909,10.0,55.31692123413086
1909,9.0,48.98296356201172
1909,8.0,79.35566711425781
1909,7.0,76.75909423828125
1909,6.0,62.346961975097656
1909,5.0,74.62185668945312
1909,4.0,84.1068115234375
1909,3.0,112.70161437988281
1909,2.0,102.3004379272461
1909,1.0,100.43080139160156
1908,12.0,74.44731140136719
1908,11.0,57.9805908203125
1908,10.0,71.20596313476562
1908,9.0,44.909507751464844
1908,8.0,43.244930267333984
1908,7.0,34.74867248535156
1908,6.0,62.42903518676758
1908,5.0,64.18028259277344
1908,4.0,67.46501159667969
1908,3.0,75.55496978759766
1908,2.0,66.82784271240234
1908,1.0,64.22721862792969
1907,12.0,63.56571578979492
1907,11.0,46.87547302246094
1907,10.0,42.45763397216797
1907,9.0,54.23377990722656
1907,8.0,52.80611038208008
1907,7.0,59.45341491699219
1907,6.0,46.69207000732422
1907,5.0,52.231292724609375
1907,4.0,43.28167724609375
1907,3.0,50.183773040771484
1907,2.0,43.75566864013672
1907,1.0,25.74542999267578
1906,12.0,56.33150100708008
1906,11.0,60.362369537353516
1906,10.0,51.17484664916992
1906,9.0,35.03742599487305
1906,8.0,55.59408950805664
1906,7.0,62.77704620361328
1906,6.0,73.56763458251953
1906,5.0,53.650516510009766
1906,4.0,56.5347785949707
1906,3.0,50.29425048828125
1906,2.0,83.58761596679688
1906,1.0,49.470767974853516
1905,12.0,67.78009796142578
1905,11.0,89.72528076171875
1905,10.0,61.3820915222168
1905,9.0,41.45171356201172
1905,8.0,78.3117904663086
1905,7.0,62.31691360473633
1905,6.0,63.3328857421875
1905,5.0,59.88856887817383
1905,4.0,51.65135955810547
1905,3.0,59.4404296875
1905,2.0,75.37716674804688
1905,1.0,77.1480484008789
1904,12.0,54.960365295410156
1904,11.0,64.58492279052734
1904,10.0,70.02444458007812
1904,9.0,69.98422241210938
1904,8.0,63.715694427490234
1904,7.0,104.23482513427734
1904,6.0,76.41829681396484
1904,5.0,71.896728515625
1904,4.0,58.72311019897461
1904,3.0,77.33170318603516
1904,2.0,77.57003784179688
1904,1.0,78.07767486572266
1903,12.0,70.59584045410156
1903,11.0,57.13710403442383
1903,10.0,55.44319152832031
1903,9.0,58.793827056884766
1903,8.0,63.71296691894531
1903,7.0,51.20858383178711
1903,6.0,50.680809020996094
1903,5.0,49.629600524902344
1903,4.0,69.28795623779297
1903,3.0,61.63962936401367
1903,2.0,73.84428405761719
1903,1.0,64.4139633178711
1902,12.0,78.10546112060547
1902,11.0,92.3839340209961
1902,10.0,92.37185668945312
1902,9.0,52.5078239440918
1902,8.0,48.45630645751953
1902,7.0,39.29841613769531
1902,6.0,54.03828048706055
1902,5.0,65.61647033691406
1902,4.0,84.91226959228516
1902,3.0,55.01608657836914
1902,2.0,78.62754821777344
1902,1.0,80.28247833251953
1901,12.0,112.02224731445312
1901,11.0,94.66474914550781
1901,10.0,115.47317504882812
1901,9.0,83.67852020263672
1901,8.0,79.44427490234375
1901,7.0,73.20130157470703
1901,6.0,74.82655334472656
1901,5.0,86.54668426513672
1901,4.0,82.4029769897461
1901,3.0,124.65229797363281
1901,2.0,82.14878845214844
1901,1.0,104.35173797607422
1900,12.0,64.22459411621094
1900,11.0,95.54674530029297
1900,10.0,103.01507568359375
1900,9.0,92.60063934326172
1900,8.0,99.28135681152344
1900,7.0,102.41326904296875
1900,6.0,103.1080551147461
1900,5.0,89.7153549194336
1900,4.0,87.0369873046875
1900,3.0,166.51979064941406
1900,2.0,121.12039184570312
1900,1.0,139.90618896484375
"Source: 'Measuring Economic Policy Uncertainty' by Scott Baker, Nicholas Bloom and Steven J. Davis at www.PolicyUncertainty.com.  These data can be used freely with attribution to the authors, the paper, and the website.",,
