,Y_Cost_Per_Ton,X1_Scrap_Price,X2_Electricity_Price,X3_Natural_Gas_Price,X4_Diesel_Price,X5_Rail_Price,X6_Disaster_Cost_Sum,X7_Hourly_Wage,X8_US_Scrap_Exports,X9_US_Dollar_Index,X10_Graphite_Price,X11_Economic_Policy_Uncertainty,X12_Inventory_Turnover,X13_PPI_All_Commodities,QuarterEnd
0,1047.7888120509324,221.95330205664442,7.6788070296100415,1.9703012049581043,2.576084151523648,234.61885971265912,1181.8,34.54116855822878,2689183302.0,125.81061587323066,236.62019840053165,455.2584910924997,1.3917288251270885,270.02224306180034,1968-03-31
1,835.2217309158386,259.23477912561816,6.992012795181053,4.2008131760611835,4.15742014246415,201.0532632193684,47855.8,30.748010735464423,4233424916.0,116.30792850540487,306.4386378879661,227.4843994766659,1.4814204238798183,271.03519315250276,1968-06-30
2,1235.2531538117876,345.9459267066877,7.619395743260081,1.9128743953044045,4.1554888128778575,240.38890436473278,22302.7,35.35406287604408,2577613550.5,123.07526824847785,230.09890437206354,185.50834972853238,1.185408055068251,212.7578286184922,1968-09-30
3,1605.8571800216482,340.7270098097817,8.688635576793619,4.098244598789316,5.254146662013378,237.8014999437733,18326.0,32.3654939995825,3496454287.9,125.28758937744504,308.7552180862367,118.36932656249122,1.2826443665274652,205.64887452550795,1968-12-31
4,695.2832686379049,191.4344601628501,6.54379464494089,1.989338216408532,3.595793069791124,189.56552333578912,11302.8,27.051894372950382,2794524985.6,110.18593254252988,247.9942020841379,118.2467722326784,1.4988623789757591,188.94384865681988,1969-03-31
5,802.0001264500613,305.86400138392486,6.416185438829226,2.0553078242921163,4.296364112938445,212.272096190888,909.5,31.672066981915705,2867100167.2,115.39466009095304,264.64010480883763,194.80981122191986,1.3882045538496839,271.5685247005671,1969-06-30
6,964.5401137278659,224.72020132889955,7.469437884522033,1.9069041923199166,2.4586271420831713,239.5926199025609,50317.8,33.29592367508393,2486096842.1,117.9413953092104,241.43339377754538,340.199560555232,1.1362898781011386,188.4333333333333,1969-09-30
7,699.4556582318139,207.25430120370336,6.648685752630362,1.9067286386810132,3.16175929975698,213.43830443384303,9281.9,30.15811944851539,2449693750.4,120.40796559760253,234.13332582176568,323.41495749848997,1.2043152009679339,189.3622388235079,1969-12-31
8,745.1841682117168,265.5985600332863,6.5133863272723,1.9173960363114746,3.048673091894586,191.72071196036666,1082.1,28.13385046142239,2477293427.6,114.26675875005631,232.78756025443693,132.69649752925025,1.2732040283040555,188.4333333333333,1970-03-31
9,1069.4816360880934,352.0995277547097,8.3646635133988,4.7288475598041355,5.325666793181201,240.13320635832173,12999.7,36.08049930356836,4603069486.5,120.52429729579259,232.50275589468487,184.2074892816716,1.3076926195265755,272.93713924709164,1970-06-30
10,743.0599040549062,270.1075277754074,6.561058224987694,2.322306499427604,4.199041183650265,233.6959605121206,37752.5,33.008799478020215,3091535417.0,117.51702101861501,228.61752230869047,159.22173518150925,1.3796564554158475,196.64009904907425,1970-09-30
11,957.7468462557033,334.32797730562197,7.936480388752036,2.2025170800141596,4.040317391808923,240.623154621538,28078.3,35.60844258010473,3474550225.0,127.02681211365262,223.38307071792775,120.21450685207996,1.1684977638536929,272.6025175121688,1970-12-31
12,712.797860271281,280.9428052833906,6.7239611734063205,1.9713472427390148,4.633583695903515,194.01431534497564,32069.2,29.175764272285047,3029545036.8,121.18952169221426,230.33891702472673,118.20031604197465,1.270718276025488,234.2511470759939,1971-03-31
13,793.8402119308392,289.2230231184151,6.6557148946066915,1.9080132550095565,3.4461000687192893,226.88064568680232,37587.6,34.27933072405602,2688059156.5,118.95983835817546,226.76884462943542,118.8110583153605,1.1599290024056714,229.12838925348933,1971-06-30
14,1284.8033678127413,302.3540183154773,7.951806600635102,2.058701702828585,3.4902269033941753,240.63282576341263,118.3,36.38315290386124,3850304459.1,124.5063662245651,291.5248365462245,131.54018634236178,1.2814019589425942,248.1503402477017,1971-09-30
15,734.7199221619896,305.17523423893374,8.102418236258679,7.147794400393476,5.1711748035226055,205.01952448978943,5505.7,33.75446167104901,4803588049.5,116.79310493444072,201.5427097543341,123.43626074141847,1.3265212631491488,272.92862695745885,1971-12-31
16,726.3675985943153,263.4989267185494,7.391287990774856,1.9097810128417074,3.4555001284275964,211.5873749554535,31042.5,31.50935488385849,2732032284.4,118.3767614839528,189.08106859423563,151.56011480793296,1.1592466469577227,242.37309284109355,1972-03-31
17,988.5201971805543,250.33822579056633,7.959218317133111,2.547540937676123,2.8297798706050155,190.1008112897428,119167.9,27.225304044968386,3025988512.7,110.88473376426556,210.6169128347598,120.9719918583312,1.1787547093866457,188.4333333333333,1972-06-30
18,834.9411229125556,295.31712248963254,8.643006539432136,2.419623411688933,4.242705139114664,239.92389579921888,925.8,35.40348865594481,3362260405.3,121.35962551824596,244.91009892630598,186.29827307218872,1.2647406790836873,272.6881900287399,1972-09-30
19,1261.977328421298,254.46914285230937,6.94676834868254,2.0233741448308926,2.9875127254115657,197.19257623440143,29094.6,27.482221073598144,2496302169.0,121.67348661316213,306.1792635088228,425.29019806255695,1.185270266288456,232.59586482850005,1972-12-31
20,1661.890593017318,331.5202964966062,8.799699315339996,4.013079295834965,4.079396467630277,240.6299799168455,4.5,36.269832127714714,4445597987.2,122.13915421215482,210.1344886632881,130.0024465466179,1.7152888608189394,191.32620473602202,1973-03-31
21,1352.8814469636866,361.5846485595966,8.666503665815366,3.280547148692211,4.9409235231150666,240.63335602944056,12794.8,36.03381106054644,4450423541.6,121.78077403964392,287.0281650183143,184.00275523941184,1.1481123517846312,257.94554809598725,1973-06-30
22,913.2205557117749,214.3582577209321,7.952700890807135,1.9080921887849225,2.588246956336223,194.24800349086632,113887.8,28.588090476134933,2513871047.0,116.15367484407909,264.6897973029705,118.69314512225355,1.089648175820489,248.8554723071785,1973-09-30
23,767.5985076376652,308.1364334654914,6.896778726392572,2.300233432649417,4.92013372683401,226.08525064951672,17301.6,28.339095035921222,2866324093.4,114.01789175135815,314.88304767969765,189.84762422952423,1.234501101950747,215.62985226018665,1973-12-31
24,763.0572258167576,255.89528217224284,8.789358827699179,4.479561021305652,4.397872023440684,210.57980598093985,11689.7,30.840720488976544,3736615169.0,114.13114159787813,278.1682099732731,120.95233723989084,1.271656081857485,237.73200096965323,1974-03-31
25,897.5687231594632,205.1089866992614,7.949304857170877,1.9597130287342837,2.6163347031778263,235.27085951580906,31901.1,35.12352755063799,3320893417.0,124.67127779331912,225.71009363853298,188.18824793561703,1.173922441707562,188.4333333333333,1974-06-30
26,752.9538178696035,222.28964286646146,7.8498930529620585,2.2772976260263564,3.287687531438195,204.79962622574251,88086.2,28.265094584455326,3076313394.7,119.61562486674318,235.39054457470402,118.85916930959978,1.2676282266746584,223.0592826814863,1974-09-30
27,741.0233022995562,310.1867841061878,7.05246006203739,4.57553830911502,5.116253081440103,224.0332697216115,4549.6,32.57979084537639,3638565703.6,117.55322177020686,193.8431073182441,208.91661766313283,1.669871654743337,266.3785833530718,1974-12-31
28,906.4951530757528,242.83222696521727,7.787564213425997,2.4095265879937218,3.290332071218852,200.8714811982028,18802.1,31.26625725165282,3710444148.1,115.2547807341921,239.64643538552497,409.961522246625,1.3076032955890393,228.90276607735396,1975-03-31
29,706.2857237743353,243.94553463558978,6.850910901712854,1.925306288326285,3.9328812018076493,194.71216216642745,5280.3,29.529503825957875,2497859706.3,111.91943394565956,226.931000046127,139.23511501970012,1.227926505053544,196.5274318321918,1975-06-30
30,811.72908156648,301.15041056571465,7.751890352018611,2.067486974783778,3.7424422196664144,195.3472482250551,54907.2,28.425504366260462,2723564557.3,117.1107945475389,190.20853261112683,154.49433245311445,1.1984088579399061,249.0613858188895,1975-09-30
31,757.2368154180426,269.6758509626737,7.360647634299884,3.180789638773122,4.492653639084994,199.45375292941586,51813.2,29.64071808219213,3170947230.5,117.27730306576582,224.13984592795558,118.6414763629136,1.3683554571818854,272.9356835245503,1975-12-31
32,1729.685158328838,280.3887496873605,8.934380790132582,2.0087985571528253,2.58361002838297,240.60147904362267,49635.6,35.795519537157844,3487136438.9,118.93150667600112,227.3967703091062,122.26783068158421,1.218723013827505,188.4333333333333,1976-03-31
33,925.5360015467207,223.73954759789325,7.441103133703834,4.571828857064686,4.034754124649912,209.004114643268,50.6,33.250127219124934,4421556371.4,112.4803359588926,262.5073071390523,125.03108300459667,1.601030291374626,188.4333333333333,1976-06-30
34,728.635947554615,221.8837941796534,8.191121619634949,1.9097462885275227,3.180179381936771,193.77619790595935,29620.4,30.785581983430504,2766955937.4,116.75950654586384,264.1629763484196,118.96011707746759,1.089648175820489,188.4333333333333,1976-09-30
35,867.2166362140647,328.1273629634459,7.091749306066649,2.8847403416077837,5.046358751164141,206.0362254837027,15060.2,31.881243954043317,3805665142.6,123.2998707240745,201.67994581195038,131.0073413511533,1.402510311379063,272.89041523832884,1976-12-31
36,745.8450815374911,264.57173287720866,6.554121900283033,2.090927559665475,3.926062254335633,193.6267733586518,33758.5,29.280943621480255,2662604613.0,113.75957394953707,216.15822441292534,159.24342580068964,1.239358837005423,195.86428211965327,1977-03-31
37,1109.0933628064606,245.81397443445826,7.553859382582219,3.9459551628473775,2.7502999653087827,213.41038404374962,49076.5,29.51229233681097,3351746502.5,113.18025165757251,209.03104279547964,190.3411218663395,1.5261741978150714,188.4333333333333,1977-06-30
38,697.4274082110063,191.13182859556565,7.9609310958989195,5.344422726899225,3.0767779205444854,189.59677275309082,82236.8,28.46429372026296,3839426833.3,111.4679115319093,203.13996316922658,119.64484744570622,1.3483536271071048,188.4333333333333,1977-09-30
39,1029.7873967988294,337.17563493816664,8.112129318610176,1.9251984075992878,5.0308041587870935,240.54076889442655,6359.4,35.9465614972881,3156045733.9,121.73147157889089,298.94227209293007,118.4759835746775,1.233286632163442,272.27142169626785,1977-12-31
40,1399.329155143043,265.02331139021885,8.604983822281898,2.3894186384760654,3.3730132904502605,240.56153251154632,54612.8,35.735149986173624,3466924246.7,121.72988933275067,207.4545160037166,153.0175852880799,1.1857427939311904,188.4333333333333,1978-03-31
41,1281.1376407247183,345.25837578594957,7.161703916792252,2.9551429851812796,5.01071983248114,240.62270772232017,3.4,35.90131550803353,3888073515.9,120.85962281779112,297.9161359184892,119.51115783944293,1.469331079034286,272.9373146227259,1978-06-30
42,1242.9502962900137,272.69764261260633,8.478791852166689,5.587521658570532,3.835212594052627,189.5812138415447,31137.8,26.95927885688293,3862370498.2,114.42728610696668,287.01019472114587,148.39160277232304,1.245953822392266,236.00258777397212,1978-09-30
43,698.1240116738295,241.3239060862433,7.672477542710783,4.101695126584792,4.234275404561389,190.37300585816686,7975.8,28.783573272494692,3660597775.1,113.2610024295071,240.08824577346388,128.77933432601412,1.1782871714786771,197.16322783207895,1978-12-31
44,1098.0998518096922,324.20401646080006,7.3770391838296705,1.9626871141459539,3.8479291338967965,240.2213749767095,4269.4,34.87399506004768,3054006159.3,124.22221463981073,221.7926894859665,169.38895293474198,1.2843953931891385,271.15187129468114,1979-03-31
45,818.0545818442538,352.0027983373236,8.241397567195172,3.810844307398301,5.260847976495295,226.52421152987856,42609.5,31.799208460671842,3823137615.0,122.50244525065644,196.38988355736768,145.24048082474135,1.3026243879184944,272.48714827215053,1979-06-30
46,1335.1160683874298,286.3307452672688,8.412508187314833,3.6196464016659338,3.988047344417235,212.21323044048162,1626.9,34.983294950815946,4824810426.0,120.11991480882348,235.208513429223,199.33314431934184,1.537389912961858,272.47772673754594,1979-09-30
47,1457.3178655576435,322.81047141278225,7.661733469946451,4.392432394554931,3.9734019407380767,209.0697348318324,20062.6,28.467910321043952,3948856446.4,114.54816249742737,223.47101302471546,182.63867255451294,1.278176306249459,233.43832726381004,1979-12-31
48,725.330952922249,191.0194619322162,6.564103131488719,1.9379963564667027,2.5155628524741034,189.55878849990447,104689.6,26.947890763479453,2742601275.2,107.99647,218.14571457983348,154.6327167785696,1.6520113323825876,188.4333333333333,1980-03-31
49,1225.6242657348685,334.00278964996255,7.441660116015783,2.2463763129919854,4.5387326753203165,239.94362041641728,13491.9,35.61018472633734,3972525708.9,118.38165423444427,196.61693561069126,124.8713606992395,1.3035495989503907,269.5823046007391,1980-06-30
50,842.3237251682904,248.68684716074512,6.524003669621312,3.8961621012599768,3.8440219738479584,240.29198163955687,331.3,34.67750475994869,3919525247.6,119.13228649941527,292.44098979168837,164.6166084063266,1.517645208638642,188.4333333333333,1980-09-30
51,718.0828502289503,294.43454270603115,6.719564422006891,2.264618192237249,4.856769947076989,237.1909483890386,26729.2,35.42881474304691,3726180854.6,121.32675588211507,251.7191330886815,122.33147964406355,1.2940654400637674,272.90410422819417,1980-12-31
52,1332.0477119795182,353.8139747919374,8.890700325891327,2.6857435578420183,5.362813576702177,239.47620107069983,10675.2,35.374986610674966,3731945726.6,121.00122468367658,239.3080950598707,119.80208687671959,1.1805531257879847,272.72529321567396,1981-03-31
53,713.1162105188429,275.4287447604602,7.009955892954374,1.9082617216347573,3.8950215876902368,205.91686534945663,2596.5,30.237166591291967,2458567723.7,119.95370671716937,251.50501094680016,207.46139731327702,1.2661840839163605,256.9254406233903,1981-06-30
54,717.093287641435,272.1212654462811,7.991700930104489,4.977595161344061,3.422096180861413,238.72444244473564,52700.4,32.319421949874275,3920168074.5,113.3761389045427,193.60402877859792,283.3596408853125,1.3196325238808835,225.54432327198498,1981-09-30
55,1091.6113118900196,306.4983832595587,7.651176334347377,2.1641164070462686,3.811520623697592,221.73086274462517,115629.8,28.869858045679415,3460580192.8,117.58390924085639,299.4418312994925,118.16763738067587,1.106005511363461,189.45569791604106,1981-12-31
56,701.2789454867714,222.7838750068854,7.613474703767374,1.9107396040279805,3.7938217066115283,238.90380541934238,182.4,35.568614622101315,2590309687.0,124.39727842278893,202.14159445479055,124.34390815963201,1.206088228589902,205.00371541189867,1982-03-31
57,886.0457713031274,267.65715273784554,6.720314925833102,3.349532697560326,4.270866866399348,202.42019055672426,11089.4,32.57021508041191,3551565574.0,121.74527111334598,285.0020551199017,150.99803584644627,1.4462612960194716,195.28665932462195,1982-06-30
58,848.2894058889115,283.38572943237614,7.944268120004271,3.150704794761498,4.683722772192349,231.57308542384936,11000.5,31.710697541914946,2982523115.6,127.8181740111204,301.58791645623694,195.0844087461374,1.310243456168632,244.03916353303094,1982-09-30
59,903.9273985333871,316.501801599797,7.210422116669462,2.4045743473451777,4.309174679732388,240.10955969108318,826.7,35.33574628529424,3605384739.0,122.43832773428142,310.05150139015336,122.55778497857821,1.1900637833438232,272.8140489382228,1982-12-31
60,1109.6697750655565,336.24596889392626,8.443097660681497,1.9093038925034345,3.958605228316239,240.35316663422094,96325.1,32.146305469607526,2669680356.3,126.89197238486912,204.7119163671378,135.59123511770832,1.1487402824830377,270.4723006542191,1983-03-31
61,696.0405552448901,190.07034709938253,6.666917591283936,1.9082831338336272,2.4609822050753865,189.57515445508855,3110.1,27.844536206845774,2461542107.9,109.21868475278224,196.8476879980486,393.64002264757477,1.2891146155400495,188.4333333333333,1983-06-30
62,1692.752850003505,342.74460950581386,7.167257697612085,2.3034873211823155,4.401098231143144,240.48486179087666,20862.6,35.221152587189096,4129924490.0,121.85706102836626,239.50643020464645,143.23963800582547,1.2986015778911224,234.85767326969224,1983-09-30
63,739.2196494732339,285.8150998189719,7.318559030648282,3.1433631880573714,3.770166836431633,237.4581254574728,14574.0,32.87246849360997,3311737285.5,119.56391381701275,214.99960707778558,122.83489563195855,1.2339916686595624,188.4333333333333,1983-12-31
64,861.596739940868,244.5317108240133,6.671966430838236,2.9220777618056832,2.858186377168545,212.8565542623934,7497.1,30.154475363557726,3243617750.2,120.51902711424616,191.54483327367953,430.395687192233,1.640935039932075,263.3888153472453,1984-03-31
65,766.3903190247613,314.2261744371957,7.63644852223724,2.811028993540349,4.760156713626529,191.77854554253506,22959.1,27.211064433097388,2732661758.1,110.90454871963806,278.0921567224666,153.49712684171814,1.127984957555889,272.3460699956993,1984-06-30
66,699.7715568000154,193.06019567410445,6.416240462454631,1.9074756692413783,2.6789375399165163,189.5668907416719,37947.1,26.901968334858324,2462709384.2,113.77497994518043,305.5001973441623,208.96817415231988,1.4271556238129453,188.4333333333333,1984-09-30
67,801.637829952293,314.728344458769,7.877165875495579,1.9156442898342712,3.7179100124361115,227.94665171187455,37279.2,32.91068150169504,2733992010.8,122.13931874955138,209.8242713762472,119.41539903962429,1.1010275831794238,272.85356219088004,1984-12-31
68,1359.118269134743,338.6291984942968,8.981646358265294,3.6085550304212637,4.131822923411729,240.17726484893674,14768.8,34.03993998645328,3524491053.7,113.0271272236658,249.5465945697875,120.63256504593923,1.2130818358015967,272.80539326329966,1985-03-31
69,814.7232856962228,334.75776055955464,8.459383369264302,2.9158924771879584,4.942464606258042,240.11065218524425,56035.0,32.90671964755187,3702781643.9,125.29576572670686,251.14986557447162,160.29859591569755,1.2524453479689708,244.81666342038966,1985-06-30
70,1525.9330116811354,307.2304828897044,7.217293438624065,1.9306950073486964,2.948080089694895,240.6157640794525,25602.3,35.37806942319467,2585441318.3,122.15571622930572,258.80082058274,129.51481481753646,1.1969607428438613,203.31902148237697,1985-09-30
71,1221.5651668910923,339.69158597312094,7.1737941017281175,2.199563280269216,3.7409720357252505,240.61860650874797,28296.4,35.923815169971775,3234929108.2,120.59193558364503,202.52901409946858,372.4898282344651,1.3323445407591397,272.9373120288218,1985-12-31
72,1541.526227502125,347.04580062365005,6.791465981434149,2.5613490407593966,4.166385185579327,240.4328509125514,153.6,35.72027897260864,3822326405.1,124.13345309188861,195.30558029261286,139.6785083731122,1.4128650601725297,188.4333333333333,1986-03-31
73,695.1068041190325,191.28258324936996,6.842053942248779,2.0814990627101975,2.680234575321934,190.4627342321568,544.5,30.98164601616767,2799816439.3,107.99647,252.29832310969647,356.00844187197663,1.4906315883496586,188.4333333333333,1986-06-30
74,1043.102965771589,307.87746911093564,8.30216751693779,5.117701235982816,4.274638349997777,235.21833047658623,51890.3,31.315866223003503,3801620114.6,116.48421367231815,290.2080016927996,120.19553751394977,1.1494639938135893,272.7031699248872,1986-09-30
75,1253.0963459084178,295.6658184067705,6.837930030119815,1.960674271010204,2.6519726510493116,240.63267015930268,673.1,36.254372321811665,3095752052.9,122.58737617908923,211.8479952037584,134.05011638416445,1.239608202515955,247.61682452994955,1986-12-31
76,779.0007207980735,317.15485262776645,7.5751513169404765,2.099748038848667,5.165343597206775,190.9455529263392,12770.3,29.35869438999031,3200464050.1,118.96315168619572,191.25837256506938,159.96199210154555,1.2000560189772578,271.056843169986,1987-03-31
77,983.8927566813272,229.97829989860247,8.202303839857615,1.9880781626677357,4.008661818290106,227.48634098980858,33294.1,33.94853993788716,3152902838.3,125.25743617354486,277.97951759758365,119.93320313715512,1.2755477070329848,271.52370041391544,1987-06-30
78,695.1184650751028,196.17292359735953,7.554905906955998,5.511966003162314,3.3749456371560287,219.73388205224106,6.1,34.62460517867305,3596178744.1,111.74249773550504,251.77012814915997,325.6867981754191,1.224519431121478,194.42646349975894,1987-09-30
79,750.2458363429338,242.28350254628555,7.252011379002425,4.100910328985228,3.532461212415201,190.0933036004316,11286.2,28.574427295070873,3675744564.9,110.10004193189475,224.10353474832212,240.6218881406749,1.4720656606382339,188.4333333333333,1987-12-31
80,871.6623341573637,326.62937321714486,8.975183226673096,6.790422707969188,4.522398124956252,234.1171750965674,8980.5,34.814483041572075,4481103616.5,117.92634260601248,188.77412576952776,414.3341803922985,1.1877372210481845,272.9373109746639,1988-03-31
81,1349.9199215267226,337.5684709793113,8.93040417948011,2.937187080083932,5.039445361464114,216.353372117097,4488.9,34.662158625461444,4253009077.5,126.17954822673862,192.86361769013521,137.47304506246417,1.316828028120577,269.9521131559339,1988-06-30
82,695.0884138498722,202.987456386332,6.449737643796039,1.9066669736513409,2.754090636815304,192.93423188596915,25749.4,27.74173524497793,2434301233.6,118.13875019101974,308.59619418282665,190.284326584758,1.0958570533565208,188.4333333333333,1988-09-30
83,714.3365393158194,248.33775255653543,7.5936763963933664,4.34354811048159,3.9385282873660605,192.59846039889652,10939.6,27.99497554652057,2833820438.0,113.88025682613805,197.86478480722556,139.9666654168776,1.3095736511630935,188.49330075786523,1988-12-31
84,734.0465229647557,200.85099515769045,8.492517480124718,2.061693540086333,3.289850087763897,209.02976920248452,53804.4,31.543148291772056,3278518454.0,115.7993533011831,269.7453091572282,124.79635184259553,1.12486961435234,188.4333333333333,1989-03-31
85,725.3198587373457,289.5466358425475,6.555373212975194,1.9138479017859347,4.448326407898801,203.44192231596244,51914.1,29.86857994944276,2693158996.0,120.52663739710027,253.5975835728887,119.2686221500954,1.2213981280668402,272.69586747070696,1989-06-30
86,1158.1914166211473,320.68790061550135,8.091654082681753,4.7841755931646315,4.128681122946839,203.9189553143746,21191.8,29.979338816089303,4824810426.0,114.81934407755082,191.45125454834113,127.12951456158173,1.3590136160033537,272.38183496236456,1989-09-30
87,1027.7005806181648,313.2139325101661,6.5952689779855795,2.4369822425396896,3.2392321883378727,219.56166145502533,3014.0,29.73416254797361,3170666278.6,119.44132534560242,232.47902930924965,178.94789730052122,1.313413369151688,234.81640691631645,1989-12-31
88,715.2714448489609,191.5189259273791,7.130332171945982,2.125999942846281,2.473477027524577,239.22188716964743,413.4,35.94589610348597,2645874948.9,110.58349642539397,224.6189713689053,312.89210666716053,1.463218809939289,188.4333333333333,1990-03-31
89,851.6964808854493,247.44059502192692,8.654892182529888,3.925222473461907,3.2405864631847336,203.58636486092442,1348.1,30.275725316587945,4090787709.2,114.98956597901243,207.85880873209672,137.0087050832225,1.3327868377841463,272.30233337285136,1990-06-30
90,970.945121584419,350.13777910623685,8.859121817284754,4.571505546820808,4.332409871666699,240.32750934199748,115518.0,33.29915481143838,4548541806.4,120.09479821769985,224.3709913796191,118.17482027433262,1.1228697510722563,250.84395475141827,1990-09-30
91,886.9363899084965,237.53670722695736,7.254942497110749,2.1182538647237594,2.6925080847854637,200.37087348198082,5204.5,30.81088994785702,2935722285.4,116.11814720051004,197.5798647846763,125.44831641381613,1.1260824047659885,233.442557270977,1990-12-31
92,1148.9185524439672,310.8466610365266,7.820917999971528,4.169241223671337,5.052718422816737,208.26168739083528,19214.6,33.633660902777436,4114022163.9,124.85230874719295,201.3221758311783,121.25025315064389,1.2808934709147464,272.9275062528668,1991-03-31
93,927.4601346136681,313.51609498997544,6.697123947452583,3.2648024161527287,4.8256884215295575,195.1964832945049,58678.9,29.522057732726214,4137846721.8,114.04747585618398,193.81408377989658,229.81332154919764,1.3818558633935174,260.0205243739416,1991-06-30
94,1203.7024040104798,346.4242860824553,8.751674831615942,3.9025464454063576,4.585278325674274,240.15677208533256,7885.4,35.2665779293766,4824810426.0,121.23957084831625,190.22852125021322,308.3811085415731,1.194771079490573,272.6098718564738,1991-09-30
95,932.0689530905568,352.66625365431867,8.73823960161406,3.864623362944287,5.27761586127968,240.63301924579235,3531.3,36.36644625230601,3379645716.5,127.85811639344264,205.67528811459186,239.24113375672624,1.2188468013711597,272.81993654421615,1991-12-31
96,708.2445056255186,193.89056124149087,8.831679863828333,2.0694264010024255,2.897335032200499,195.35516604182027,25107.4,29.881171173753668,2609363832.9,117.34845573425966,309.76004097857754,289.24225592631933,1.0996795912236816,188.4333333333333,1992-03-31
97,2287.6385845970976,360.9316272535606,7.152883636743599,2.3048520083825976,5.212763140222117,235.47262933621897,10040.3,32.831717916273874,4318002271.2,124.50754712403538,226.09115036649177,118.16664226488116,1.3605336323316919,272.8604365673245,1992-06-30
98,726.0136667953531,299.82743762806695,8.956873463810876,4.655354757662506,4.4359259243663836,240.60826049836817,6085.9,35.797774578980366,3455097766.2,124.09365952232596,276.39640796055534,119.02741665076722,1.1549786686319912,272.88949122655055,1992-09-30
99,825.677481198068,282.2866534847452,8.866659344713659,2.120718357835448,4.49089929637303,233.53101449709854,9420.5,34.36246157637742,2675480955.7,120.29395964332761,207.01908312253022,383.95559054738754,1.2462427864900214,272.9353539977617,1992-12-31
100,869.283387942352,276.87380311185825,8.317129672562022,1.9524973305669784,3.512725909418373,240.62956813918612,308.5,36.457116839192594,2777333519.7,126.70733702279414,225.09361926868723,129.3313250830062,1.2576849203127907,219.0478114008693,1993-03-31
101,774.5232610806403,265.3894356457213,8.55880466821713,2.378419254475824,4.120352067582162,233.90834522591362,1090.6,33.59708610037506,3383492821.6,113.41086694975678,239.98466346236546,166.3634024215823,1.236671571407566,268.6801018495046,1993-06-30
102,1023.0163259099423,333.09962694015104,8.481136193229638,2.129970732840943,5.130204477676753,240.63319096775118,20.6,36.46541413031508,3793440715.3,126.9479391401984,245.2389706226558,135.49490588435225,1.1739476540123948,251.65885540599518,1993-09-30
103,949.6127066002464,276.9711915383956,8.140387967951252,3.258212582591069,3.7504086928953555,240.4414316108497,21.3,35.94951940552813,3588302406.4,127.12097607813108,287.31955397883434,139.64205707945104,1.2318545334616064,270.9764261965291,1993-12-31
104,699.391028948647,211.80558669730522,6.778956115030439,2.417681108369152,3.207461237210871,193.8348988024666,6828.6,29.357508482874234,3006420781.2,109.16427402550386,285.8081479038134,137.905513608492,1.2008230114990988,193.08390220640626,1994-03-31
105,805.1665981663717,314.70434148727924,7.3541049737521265,2.124373678375249,4.127660638033576,237.500672960501,9115.5,35.0046399111054,4314865701.0,112.36698408827363,188.78427688629714,118.63485672197247,1.4139389279370724,272.6527581484845,1994-06-30
106,695.270889206541,191.18011975470935,6.479910244984645,1.9067726919787913,2.5697287588975986,189.5578397454804,28079.1,26.913243729184597,2438799340.7,110.32787086508822,282.62289092627645,240.83591227482748,1.235375221413596,188.4333333333333,1994-09-30
107,695.9232613917756,197.6034879061115,6.9828155972267485,1.9067615630728199,3.271763929663261,189.93309687188227,55558.8,28.723093775012707,2473073128.7,121.93337060023748,309.062158555782,136.9702398841464,1.1077499913559026,188.4333333333333,1994-12-31
108,758.5081981506827,270.8817948888706,8.518024457982236,2.0653797299038694,4.45820882631332,190.57033289587397,65115.4,28.52940365672553,3053572652.6,118.64422322673542,256.2770391830068,118.84858768333588,1.2195571922338375,268.5325907904885,1995-03-31
109,699.0213152998127,203.7110307953128,8.158010152685117,1.9464558130267504,3.467922672821076,189.85330568072163,4500.4,30.466776128303255,2978498308.7,115.15293794897866,189.1698145224388,119.19748543745594,1.1586226430033097,199.53702712617846,1995-06-30
110,1029.2478116009768,322.926222709373,6.7301313952287725,2.0301798049410404,3.726419603747731,240.58394114211023,27.7,35.813542616051315,3121038661.1,121.99781473552645,191.7487408781223,140.1082249988762,1.6988702171293653,204.25314522886444,1995-09-30
111,1168.2308134685911,358.8677239095155,8.126311312715051,4.1673703333003065,5.270263698857047,225.39871225414726,97853.8,29.72779303917081,3882314000.4,115.94537927831708,234.24854147453124,118.16863740039634,1.1753822670431828,219.39695242772243,1995-12-31
112,817.8214757284258,323.80145767406486,7.770595519841972,1.9849480098675332,5.421928836594445,202.03527129130822,27262.7,32.379503732840384,3039838122.1,119.57849691673894,191.14873376095076,120.5309807122136,1.3511492120252555,272.6315368895667,1996-03-31
113,756.7974312356539,223.83349242031528,6.427446932232155,1.9168805946915695,2.770305907109383,236.34151520640975,1814.8,32.48399097946374,2508181834.2,114.84672771957632,289.23161785592424,263.2951514532997,1.5631352627419988,192.95811613909112,1996-06-30
114,1388.4574854529824,287.2270362035797,7.10066584783182,4.0335183212606545,3.4138341744527225,192.0168438973727,94174.6,27.322202902877173,3712144381.6,114.65010078568625,301.10955656087,118.4143434149033,1.305487794695432,266.9938314159126,1996-09-30
115,708.1876005337389,199.70219754124685,6.470981208333291,1.9605546057322378,2.8247127819316673,190.3538047422182,1574.0,27.736433252298944,2488382358.1,114.4445698542171,280.14075640772154,230.23517668491914,1.3911891527216897,227.72260131539625,1996-12-31
116,700.0604040834996,204.99755909112227,7.4752477146194325,1.9197778807458028,3.453588824614746,196.6754858643131,15916.5,29.356514180915312,2658789426.3,110.26110710170515,279.9319767793934,118.72076615961014,1.1794984815886034,188.4333333333333,1997-03-31
117,813.8499012612435,213.63147206618723,7.457382425041611,2.0236473910109454,2.9384488341349058,236.37204341813742,103.2,33.80642490488941,2626404785.1,122.22322552303893,315.34830660311417,272.5133492945424,1.2238372227392136,192.69735637680006,1997-06-30
118,1664.0282529819196,355.31477935394923,8.864404722445244,4.440557046589941,4.141045948503349,240.6334562280295,21396.4,36.41238736887415,4824810426.0,125.14688545691217,190.333775149414,141.59779159487513,1.2348930834703356,272.9153070896002,1997-09-30
119,809.6510022759883,283.100141767063,7.964513644260431,1.913999291201403,3.8737134591804425,213.58337349994696,4533.0,32.374590231611585,2664189626.1,120.80139685041414,207.1616739504523,182.62057203215346,1.171509508247878,249.67961118474335,1997-12-31
120,748.1328654722795,216.0501237922373,7.335163712809069,2.0019086958746954,2.5888033376829305,194.14670583611124,78999.1,27.259362805629024,2845848979.7,112.2459349168315,215.14975776961236,243.84909430783222,1.1880505226347409,250.635573623998,1998-03-31
121,1459.7609776057275,265.35894966877333,6.8567570229792505,2.579493656765755,3.0210535047701645,240.62609678516887,5.0,36.044682860995664,3545554376.8,123.6107176962316,266.06356405041686,230.64001836304755,1.5338953994401903,188.4333333333333,1998-06-30
122,697.0660036329352,223.59892653658125,6.828523930011117,2.38365934746322,3.6394220472289316,190.34370939225934,30553.5,27.89210682273187,2698142702.6,115.71364083718301,276.43634912030177,338.2937743703263,1.1718111257469688,221.17700945567813,1998-09-30
123,885.5484085318909,298.1032298653025,8.021406026468668,3.1916006387952085,5.006778477621545,215.1603777663969,24999.3,33.004708113177735,3693253706.8,125.00723405686635,250.19955010267302,121.65365193609016,1.163695116805281,272.9353438403874,1998-12-31
124,1685.575535619795,351.3111478642171,7.864625557896184,3.4017721704295427,4.86895663523169,240.54251845387864,9241.9,35.30002977127175,4308994848.3,124.24872597629421,191.40017771662528,119.67502999418781,1.578252488967575,265.1957206655532,1999-03-31
125,1319.7724679512967,261.03870130241535,7.336764036281243,1.9551827779664552,3.2449097614658458,240.4187001950966,4200.9,33.96325036893179,3363111665.9,117.60993112327104,231.95344917877043,159.9098525663495,1.4379065973799476,203.69135837419515,1999-06-30
126,1043.3954979680825,360.44020723223184,9.06,5.9960722798233785,5.4816666666666665,240.63297436562632,13125.9,36.320901535341584,4646689985.8,125.12855646504218,291.11811006287974,120.6163965324791,1.1466786366674233,266.43519885504145,1999-09-30
127,717.4798674269903,222.7073136703037,7.120223082313052,2.0490468868023366,2.833904486923485,196.68984129255892,5294.4,29.072185240624723,2566497140.2,115.93949426023889,236.9339422379214,134.50353339546308,1.1589595129426922,238.8528762782059,1999-12-31
128,1093.8159670223135,331.3140373110896,7.154832145156718,1.9410068993536893,3.857490649785822,237.61947761901627,52047.9,33.02192690309458,3239912758.5,117.47410703272767,193.60401832995868,131.37844766591988,1.3287641727773103,246.1259785536899,2000-03-31
129,1050.2936430496522,263.74611083588854,7.497841305252015,5.347479894687117,4.785792140736934,189.92685050302995,550.1,31.364896562468445,4824810426.0,111.12478593250589,211.37928256714463,119.72133267742542,1.6356917623988783,238.77020108725094,2000-06-30
130,789.9351386623822,290.2402718293221,6.662492343438028,3.1623543737401523,4.522388300726659,197.9538135991943,12312.3,30.584101982373774,3106926539.1,114.60374195129162,306.1062574753995,187.15698158738192,1.2964558093354137,272.2523663973678,2000-09-30
131,792.3754118678875,287.69156034511906,7.5373180492352,2.7416117798136095,4.219110148626584,225.7420100372226,19369.5,34.54794633283575,3724315814.9,116.4704207949502,221.47105313661478,124.28502719464139,1.1726078051303719,272.74329375309173,2000-12-31
132,777.117599805986,322.9798670187491,6.883588449160266,3.192275753161907,3.8368992854003263,195.6766510189116,62983.0,29.070701149798836,3959337147.9,112.67049886102967,189.03406454339347,244.5051238458745,1.3549966182824715,241.86833346477394,2001-03-31
133,766.6929659299843,258.0581027298132,6.870324037544457,1.980351279423125,4.277145461246527,196.75208567656438,8539.2,28.213856106438037,3184928781.3,111.12888299981537,315.65341240973083,334.2034239595142,1.2822530357663133,200.2394044582063,2001-06-30
134,695.7148412136777,189.77698976933536,7.649387441163867,1.9128029354315763,2.4358923590214174,203.42489825419415,2.4,34.390122885498386,2527397109.5,123.42512551559744,215.87165592477476,370.60731619463166,1.2896731764252953,188.4333333333333,2001-09-30
135,859.45503320897,316.46698820092854,8.228511269404349,3.7468602496134693,4.125933428172844,240.39737707533186,9179.6,35.393702574586946,3310518835.4,115.91393043098331,311.3778982515598,234.67461188429746,1.1941716716311892,272.90512977288336,2001-12-31
136,716.7369847738929,189.90940515856832,6.952433379624198,1.9783849016504784,2.590656666301851,189.55728620974378,14438.6,27.633766947195948,2677655897.1,116.92771851944474,310.3908653574589,284.30041764809437,1.2844019747810278,188.4333333333333,2002-03-31
137,1031.815056637255,267.61710993678935,9.032810367559138,3.158621079048962,5.0014225935387016,234.269043003254,635.9,36.02146057757466,4071968281.8,125.7828324985364,235.11056174336744,119.4282389296688,1.48783750383943,245.32216718306472,2002-06-30
138,1086.2030693288234,310.91138200689755,6.937047140137203,1.9743567776124133,3.3502051646922437,240.6323494002317,3627.7,35.342888039038385,2768291820.0,125.03443381929449,289.348712228546,268.39424294708425,1.2050958650598753,271.2419095737064,2002-09-30
139,751.1699613099754,261.10583302228616,8.356237133684633,2.1472399610927657,4.3940875421505785,190.8912434453551,844.7,30.980671746547554,3621667057.6,112.2125246350689,245.76510292341877,178.1903536195978,1.2647280051023184,271.9783016859091,2002-12-31
140,826.0527622025711,203.98962958003344,7.6552486737419585,2.158894683524654,2.593334343355365,236.3277252910923,1759.4,33.974826903469065,2761674569.8,120.30198259764704,222.00602847598958,175.72234702402085,1.228350583784064,243.7785992899258,2003-03-31
141,824.5267177636957,284.2418076900622,7.2430513755930015,5.728079348016903,4.127107072460916,189.5930900103306,13048.6,27.72435688566046,4196414815.4,113.58323944349489,188.8411802693929,120.12547936558775,1.4965470186589789,272.9370228423661,2003-06-30
142,695.087826968886,190.53864738835483,7.432430353216061,1.9106045383840342,3.1594211138308723,189.55681799086025,110127.7,26.8499519063148,2519312786.8,112.59181084309006,198.71139367726028,118.1789125425238,1.125972665620712,188.4333333333333,2003-09-30
143,748.636229521566,240.2430633051908,6.633417344579402,2.0575529848370095,3.1726671845547876,203.58197442412762,13875.4,29.495248021822704,2762146912.9,115.63741469899742,250.60770644848003,152.94118185515777,1.2793743436502654,188.4333333333333,2003-12-31
144,2231.3376245968034,363.9146241412198,7.5551431382737615,5.132473558232391,5.449255741125251,225.24713911833635,56277.4,27.624223027358973,4403231095.5,117.77393581381567,190.5188459757529,193.43191633636167,1.6033736245745644,272.82587195004686,2004-03-31
145,785.7939325965714,299.950730342602,8.58996924814914,5.590031084702339,3.46517784359635,237.10096539886564,17599.6,32.67120752073351,4166566504.0,116.83297650866051,257.79267576453583,119.84291355003681,1.164881505585828,270.46446739021684,2004-06-30
146,713.5479302661001,233.90431562643167,6.861637946932085,4.546667344996036,3.5502585681437777,191.88583251911297,92065.2,31.288101098283363,4316348636.1,110.67414164988034,194.06180437788197,139.79148805337454,1.280596396192508,234.7503031143232,2004-09-30
147,1789.4027316823067,345.8530754975312,8.798912458314062,3.341400107388991,4.263277534759197,214.4197056531532,44814.6,33.03853501731898,3949442630.1,119.46124058632803,222.65951594127006,119.9183719767688,1.1818013709274502,259.8616702170235,2004-12-31
148,695.6657144599568,233.28696073395594,6.456210878725952,1.9484929169507865,4.057606288161665,216.24203073332316,375.6,32.85280734113636,2505075432.9,118.8617817865222,221.957622728441,189.3442370408564,1.4760603550115277,188.4333333333333,2005-03-31
149,700.6828909979308,189.87510443279143,7.140675897233082,1.906666671361006,2.561237311397692,238.42820721080466,0.0,36.289274094867444,2438866935.9,114.35444392730359,299.3934149079858,286.5952753119356,1.2564850092453796,188.4333333333333,2005-06-30
150,704.193192014866,196.523714219728,7.322711204451595,2.730568301306003,3.067657627721764,189.56123216917916,116195.6,28.097050886286933,3037168932.9,114.81341135485512,193.87581364933737,122.3685086698244,1.2896574950999333,216.54683650182446,2005-09-30
151,708.3259047269937,204.14421815332133,6.7684379636198715,1.9320212621638637,2.47678265484465,240.1806828141184,1068.3,30.977816804366224,2442746761.6,118.5645311553429,226.18981543853909,554.8351745605469,1.3429918815223687,188.4333333333333,2005-12-31
152,764.6928594425902,272.96392432747894,8.71719530204188,5.517642426735772,4.484117895963241,217.85947781542552,23584.3,34.95012705401837,4260540650.4,113.89089624359411,190.31417812903615,176.4495702662931,1.2746117931140728,263.2213759607715,2006-03-31
153,737.1232687196755,209.8511156921068,7.749309237111514,4.028006334294567,3.485026920717563,231.71397004718767,27996.0,32.631184573502644,3734164907.6,119.82135950057528,291.2006146646804,193.11237690885514,1.6009505241585376,188.4333333333333,2006-06-30
154,926.0403006095836,284.2656136375299,8.782995277134702,4.500740011304906,4.052269252638269,233.1916234351445,3134.8,33.071535826110086,3773210318.0,116.99403964026445,285.8572765065466,196.07050836937373,1.3148017129584164,271.6263793737609,2006-09-30
155,820.41799527865,198.21816540855176,6.44616192203099,2.031403617447943,2.434886579528556,206.0625338055175,27587.8,27.862582717479178,2812264173.4,115.67002629361832,268.55917964803086,254.82466880851615,1.3587468859448784,188.4333333333333,2006-12-31
156,755.4184899965594,309.4337639035337,7.113424912911945,2.4061895442763648,4.487405980200077,199.08372672211868,8882.8,30.678344717101403,4017738560.3,114.9715548425626,230.36115440988848,142.3526982532779,1.1870086331184688,256.35135679178586,2007-03-31
157,1202.7823049574372,278.05253297276647,7.729608692561811,2.273562354328738,3.894560105109125,238.5795018564325,8.1,35.68358033636264,3591891200.2,119.4665606689813,207.1155119755059,194.0733502659762,1.6597231469029992,188.4333333333333,2007-06-30
158,1479.3126349322556,333.1467403299741,9.06,3.3598934754528713,4.016087871708603,240.50493828304326,12663.6,35.83231667140765,3913502649.8,122.44076099727472,199.71284796529957,225.04627364441444,1.125207728039839,264.73776433220183,2007-09-30
159,1066.8885018067085,218.11581265398652,7.20173342410402,2.775240706387434,2.628637323487366,211.88973810951398,43908.1,28.234872463530607,3079247435.7,115.5654462706847,257.46644069517185,202.6349462456381,1.4350108696207495,188.4333333333333,2007-12-31
160,695.0497505988087,195.64268594753378,6.48334530442086,1.9511163523983877,3.0397080559535343,190.26843857527777,24507.2,27.488246758446504,2452158928.4,114.62400500660402,204.85237028428,182.07593223535554,1.4439143792353317,188.4333333333333,2008-03-31
161,721.2271608330605,213.50044750116487,7.080423674901858,2.830300021516165,3.310356825820374,189.5568924877439,63233.0,26.800173402050127,3017685151.3,110.23294112461332,201.30708044742704,164.96728634586833,1.3498712449074781,242.7838986577019,2008-06-30
162,713.4845964464744,233.66400330845477,6.721636979032933,4.330793963105386,3.9704302190204865,189.6139424272866,107466.5,27.235720351836832,3913861957.2,109.54431414780268,196.10683630020208,128.98282121361964,1.443742290411878,258.2638954208038,2008-09-30
163,711.9091513284519,215.00411104884842,7.15326088450428,2.1566949029571463,3.4856507630658617,195.28084811217602,23658.5,29.41601488719187,2762747723.0,116.63079346347496,276.18394960978105,127.7323530081907,1.2651981980093612,203.74907765854252,2008-12-31
164,802.5473469264906,223.94932529701077,6.683336558577452,1.9274048627492344,2.7314229892927404,194.15798416869853,22074.5,31.124380179857233,3060812261.9,122.45323689355882,189.34585966904527,133.8807429362969,1.2028990886098676,272.6097910645251,2009-03-31
165,1125.6748991622717,326.97476080116166,7.326529715456185,1.907688097878296,3.8170329067529742,240.48523732910405,1910.9,34.27210635507079,2780271572.5,123.13035155404219,222.70779549298146,295.57994625884305,1.2630340662814266,270.68049435168797,2009-06-30
166,907.2012951816956,292.35339175913805,7.867845727004264,3.9747998705671432,4.279655564469057,190.52231554314585,76947.3,28.622712744301833,3892466497.7,120.70689683393618,234.14694955318686,134.7031454041934,1.1616288512165431,272.8923539129137,2009-09-30
167,834.4710648443183,249.5703386497298,6.90825161071156,2.0207696401858137,3.149426774157103,215.9907563138234,5655.3,33.668485535935616,3248012674.1,116.3146746581995,195.66406658424327,176.1982952696526,1.209590373045034,188.4333333333333,2009-12-31
168,775.7297758580709,275.5372409746643,8.24694322929003,3.802881395130197,4.506638317199136,229.92867876811852,2887.7,34.91841220310498,4053700923.6,122.25329127451946,214.99054656959922,141.54868038255452,1.2653082639163233,270.2609022177773,2010-03-31
169,1127.2673848990573,258.4108031092139,8.42746553753441,3.962990836624703,3.557900037876064,206.2013466192388,64528.8,31.264007649489592,4520884794.8,114.20048843609138,195.0184185973859,119.70691112258801,1.4213052450074493,196.43748093906498,2010-06-30
170,811.5528094765123,319.578387139351,6.45078802059615,1.9420724732982837,3.790324845855327,240.26210514548603,23999.7,34.525491903358926,2706883846.0,121.7194745045223,270.8387465783323,122.25716799142315,1.2357077031118089,270.3692944066631,2010-09-30
171,903.7874140769658,243.2530786744373,8.318011559177826,1.9240091884281085,2.981829273300317,239.8190677297352,10217.0,36.060425029622095,2909554843.6,123.56953282130306,226.18502088326267,432.0476340883486,1.3874506683692074,271.2056546962873,2010-12-31
172,695.7469059521534,194.52794485246199,7.93184850169595,1.9219772416665604,2.5985837598880375,189.7989224520741,63258.8,27.851877828402692,2636633370.3,115.14261932120992,307.2007396556204,178.69814049794655,1.109592146385198,188.4333333333333,2011-03-31
173,695.8740802183601,193.3158006467508,6.623020039627356,1.90675149553998,2.786808725897425,190.36371333183718,23620.4,28.225264965681856,2441505782.8,111.75226766500242,314.71491029835295,163.59806602097845,1.1359501941678332,190.27058466515342,2011-06-30
174,1045.8416578773795,292.58265354786533,7.966404933844172,4.769852035543726,3.080590628420701,232.1162936499786,105803.1,30.688069270482945,3967610535.3,117.27016667398352,201.32366354977873,172.29145305761776,1.2245980998942836,267.2285595764054,2011-09-30
175,1775.3025457597982,334.30698423419244,8.734651059631435,3.2099529089932695,4.115406214876635,240.59717586968753,377.7,36.11605224939054,4097072371.1,120.4009668905841,231.2094612480479,151.72123955641038,1.2919952633881608,271.6658255787578,2011-12-31
176,1588.1710131601294,322.999795710485,8.200696780966156,2.900038207821421,3.937386334032234,240.61560160645104,19614.4,36.13410249510484,3757778454.7,118.50478929583848,242.34982959373286,155.1735883628541,1.227324777140565,245.30413705826243,2012-03-31
177,736.4568694907625,203.94255651532927,7.619053024611239,3.33160907110366,2.7805208982285072,221.4670417904602,7646.9,32.94477763379141,3952241467.3,116.44114434217457,247.2376174255553,133.0491035804382,1.4030594915295704,188.4333333333333,2012-06-30
178,1065.9412618818947,275.84320723314505,7.831416017195331,1.9913043352245172,3.549006399600229,232.84949234536776,71157.5,32.16863860477039,2625665046.3,123.84544003857013,254.35092166022025,162.23665649130157,1.174833796020509,188.4333333333333,2012-09-30
179,1437.94840880724,309.9409599280145,6.974655594834315,2.135150371101321,4.894565142507356,189.5642874066689,38993.5,26.879228001648393,2847083985.5,115.48742704692465,315.16681125322526,237.04007369496242,1.3885411292108945,260.8959742147989,2012-12-31
180,1221.526083337798,296.4083236462852,8.205353288857912,3.419077561005243,3.894481758186065,232.93003711890333,71003.0,31.885110938173334,4132032584.4,120.0656953886296,276.60018415514054,141.11594485116817,1.2842804575879057,272.8691410640838,2013-03-31
181,972.1275140416515,315.17964963190667,8.788058477240465,3.7261836397775836,4.962398439510695,236.81883929594125,17918.0,34.58993207726902,4589064551.8,122.52144887486969,199.36078908767308,118.36810968003361,1.2247956689099038,239.66990398646098,2013-06-30
182,889.5546514589005,345.73461535785646,6.451656860109507,1.9523183150447665,4.193520090222515,201.49827971211573,86034.1,27.245040980718727,2492404203.7,121.19973736725672,228.70159572686396,161.5002592659329,1.205865609324834,272.2901340876714,2013-09-30
183,1025.6526603905381,287.7931712044219,6.963898531477321,2.70336502476531,3.254760933453261,205.63904125715436,58192.3,28.725602576057167,2613641083.6,116.5215420467597,273.48124007255217,262.87564204895864,1.3359989536335872,223.82380752630488,2013-12-31
184,695.0383950614608,192.52529858032725,6.419909496641532,2.244298977292015,2.5048003489254294,230.45315795639482,299.4,31.130254602889508,2641759018.9,114.78640194894123,249.1573492110062,122.54248705048906,1.5374391362607824,188.4333333333333,2014-03-31
185,1784.494638626676,362.37600544035337,8.959020602979454,4.674087705638903,5.294077158460094,240.63288881817118,12412.5,36.4661100052797,4824810426.0,122.78493464521571,188.97637041617912,146.90958198968045,1.2820932308382558,272.9373333276959,2014-06-30
186,731.2719036645029,264.14475567201447,6.844121468450391,2.1002288473159734,2.7440103983392214,221.49454323187567,55950.0,29.82302680476148,2764507187.6,119.11026786012238,220.2241907874733,214.34560863450713,1.197708728755394,228.72108372782793,2014-09-30
187,733.1849460129895,255.71864068475435,7.175865000752488,2.2221051117314805,4.323916590999943,218.83756146827065,29189.0,31.907331310465707,2713225672.9,122.33905157168232,270.2353427971865,157.20127688564253,1.3329410895385085,271.88228326164165,2014-12-31
188,754.3813341441697,200.31384065010093,6.791350775397176,1.9267598485011976,2.577021188216901,196.56946453183903,4100.6,30.291090224174873,2520708536.2,116.1833534258639,218.305707285618,255.70708828457526,1.3230071135712804,215.35013652384703,2015-03-31
189,1341.3647066705607,342.61016593544855,8.671073789925465,5.0715636025604915,4.62669945819013,240.33194987205525,13904.2,34.55556033983237,4189348190.2,122.10029230445843,279.4840434792262,131.79881771245704,1.2406168175497652,201.95135215877298,2015-06-30
190,773.4149442994292,230.61853768468396,6.93553095163104,2.0284513814916605,2.618645891539361,228.98602385851257,17830.6,34.3120974002624,3158969501.4,115.59357088071177,189.0301943554594,416.52448282693246,1.3851913192047394,188.4333333333333,2015-09-30
191,742.0643352651618,212.11191883474615,7.634007350612775,4.297448394467663,3.438172208136309,194.94404420840155,3880.5,30.750154904837967,3155450425.2,111.48402456608011,223.20699525379848,239.063880473857,1.5238641030046207,235.4623636269251,2015-12-31
192,776.4569921414003,335.5695076685491,7.290533854264945,2.029053904785422,4.451022201211207,233.811052158843,70809.5,28.973034001461258,2596287273.0,120.15357949078583,301.9476449682045,266.99514923385715,1.089648175820489,260.2075234588426,2016-03-31
193,1141.7330104584792,315.7718322486727,8.998769154747226,5.3243036947616,4.032889450027198,240.6261142830277,55.7,36.429565886754176,4824810426.0,121.8963892592696,214.35318139806745,124.56425544665787,1.3204718390748358,272.6276902095084,2016-06-30
194,709.7532043146227,207.85041010868056,7.690759122700982,1.9148584239587179,2.904336534707967,198.1187551268472,3334.0,34.232699828590874,2734659513.6,121.24845479025949,222.83472329625778,131.22111327446487,1.1842472850710013,236.16004954636387,2016-09-30
195,1066.3602220267044,346.99435237238384,8.309244620166812,2.94098508416799,4.740241523388975,240.23155246092102,5491.2,35.118457038474446,3730785833.6,118.2709921717297,268.29710944719,120.33032580446599,1.1859789569669394,272.5596081105298,2016-12-31
196,709.056136469734,200.93410465714177,6.551763673758417,2.246884282696409,3.3130555083047537,189.5692473015441,104107.5,27.87308358377716,3061529131.8,115.33459472146403,225.9747406285875,137.42477574301228,1.3670982599580315,194.9923558842731,2017-03-31
197,698.3800227476981,231.13004444733102,7.630634871342463,2.119110196488414,3.8394074376897622,239.26592572676753,35.2,33.320544420842126,2629899881.9,125.4800229091872,307.94492476737963,441.57276976784766,1.2044872308466137,269.5715917364081,2017-06-30
198,842.9168829598015,257.73946935451494,7.541020982095985,1.9632594859556627,3.1323276565300624,212.87177417745724,19648.6,30.60628696963825,2660435346.6,114.82424589806878,218.775081838299,154.44432225895244,1.2601426266649023,189.2897111189342,2017-09-30
199,977.911592284642,298.4737317087913,6.776421755942635,1.909408174387804,2.945647096645134,240.44011221212494,6568.7,34.867235962428246,2607003880.5,125.28545254295116,284.6322110611283,384.4925806880222,1.2433382151759445,188.4333333333333,2017-12-31
200,694.992536242285,180.5,6.66,3.0766666666666667,3.017333333333333,187.7,5955.1,26.77,2905848534.0,107.99647,205.7333333333333,154.27288055419922,1.3505956398080998,198.8333333333333,2018-03-31
201,735.6098374322635,200.3333333333333,7.093333333333334,2.856666666666667,3.1976666666666667,191.13333333333333,44533.2,26.973333333333333,3048680622.0,110.617584375,242.7,145.23827616373697,1.3502170052824702,202.5666666666667,2018-06-30
202,773.5601589103292,214.2,7.056666666666668,2.93,3.237666666666667,193.5666666666667,34326.8,27.21,2872237574.0,113.64831587301587,315.4,137.3838882446289,1.3234443305443038,203.76666666666665,2018-09-30
203,1183.664962121212,214.46666666666667,6.7,3.803333333333333,3.2626666666666666,195.9,31218.8,27.456666666666667,2876784016.0,115.69885409836066,315.4,175.87791442871094,1.4434915224407203,202.63333333333333,2018-12-31
204,768.5432244717009,210.7333333333333,6.6433333333333335,2.9166666666666665,3.017666666666667,196.0,24509.1,27.683333333333334,2447744583.0,114.5529559322034,315.76666666666665,196.1356302897136,1.155881586819826,199.7,2019-03-31
205,761.5246876859012,205.16666666666663,6.9,2.563333333333333,3.123666666666667,198.26666666666665,19523.2,27.876666666666665,2909246492.0,115.4291453125,289.9,159.5119654337565,1.175229776084008,201.36666666666667,2019-06-30
206,746.2991609458429,201.4333333333333,7.1000000000000005,2.3833333333333333,3.022,198.4333333333333,9370.1,28.11,2613924035.0,116.4763265625,249.7,225.6363728841146,1.1729616965680136,199.4333333333333,2019-09-30
207,598.0590856997326,197.6,6.489999999999999,2.4,3.059,198.7,2113.1,28.316666666666663,2458187270.0,116.41506229508197,229.5333333333333,173.49888610839844,1.186814830744202,198.86666666666667,2019-12-31
208,695.0144705718659,197.46666666666667,6.406666666666666,1.9066666666666665,2.895666666666667,199.9,8904.9,28.57,2434297867.0,117.75739516129032,230.7333333333333,268.9085795084636,1.294447492998224,196.36666666666667,2020-03-31
209,720.8152947618179,193.36666666666667,6.88,1.7066666666666668,2.431,197.3,22412.6,29.71333333333333,1969998972.0,121.84220625,230.7333333333333,401.7160746256511,1.089648175820489,188.4333333333333,2020-06-30
210,695.1099418878592,189.66666666666663,6.93,1.9933333333333327,2.425666666666667,196.53333333333333,78765.2,29.46666666666667,2463337293.0,117.358425,230.8,314.658203125,1.3342788745697691,194.26666666666665,2020-09-30
211,791.2813708494466,198.26666666666665,6.406666666666666,2.526666666666667,2.4686666666666666,197.8,10502.0,29.7,2869880584.0,113.92367,230.96666666666667,319.9976298014323,1.7376326068768893,198.4333333333333,2020-12-31
212,751.7702062430324,223.7333333333333,7.1433333333333335,3.56,2.893333333333333,201.53333333333333,42347.8,30.01,3389048383.0,112.37469166666666,188.76666666666665,205.20377095540368,1.3607162175404337,210.13333333333333,2021-03-31
213,844.1140069500134,264.26666666666665,7.096666666666667,2.9433333333333334,3.2113333333333336,206.0666666666667,24049.1,30.396666666666665,3985660099.0,111.8373984375,206.30000000000004,154.17587280273438,1.3156432040756298,223.9,2021-06-30
214,963.0437813720024,317.324,7.53,4.3566666666666665,3.357666666666667,209.33033333333333,91407.3,30.80333333333333,4265957341.0,113.3141390625,190.49366666666663,170.22235616048175,1.2650711367269367,233.64766666666665,2021-09-30
215,2349.060992138791,351.6556666666667,7.206666666666667,4.773333333333333,3.66,213.0893333333333,6494.6,31.27,4032981418.0,114.9794786885246,191.295,171.40892537434897,1.4825940724712972,241.6966666666667,2021-12-31
216,1100.272599311855,355.434,7.45,4.656666666666667,4.287,217.03266666666664,25981.1,31.7,4169247885.0,115.49977258064516,195.723,174.9889678955078,1.1479518287757362,253.0423333333333,2022-03-31
217,1102.2231618174,364.3996666666667,8.803333333333333,7.48,5.4816666666666665,227.246,22411.3,32.086666666666666,4824810426.0,118.96322063492065,197.965,170.69710795084634,1.1992699157360558,272.9373333333333,2022-06-30
218,1193.6654715510522,348.70533333333333,8.963333333333333,7.990000000000001,5.164000000000001,231.7213333333333,125313.1,32.446666666666665,3599842917.0,123.53624375,222.1323333333333,202.5210723876953,1.213011540170246,269.906,2022-09-30
219,1050.0274199267226,321.8996666666667,8.273333333333333,5.546666666666667,5.06,231.52033333333333,14757.9,32.833333333333336,3544943874.0,124.82148032786884,237.81066666666663,189.2291259765625,1.545123961652785,262.03833333333336,2022-12-31
220,1041.7162812354493,305.63166666666666,7.773333333333333,2.6533333333333333,4.4,232.92466666666667,16874.6,33.163333333333334,3678125401.0,120.34234354838708,239.364,171.62811279296875,1.2154192769301826,258.6526666666667,2023-03-31
221,1065.8139040680023,311.56600000000003,8.036666666666667,2.1633333333333336,3.9386666666666654,229.821,52207.9,33.54333333333333,3838419193.0,119.58965873015872,239.69066666666663,183.3006846110026,1.2512647043938363,254.81266666666667,2023-06-30
222,1098.5471153846154,289.89366666666666,8.446666666666667,2.59,4.2716666666666665,229.611,20071.7,33.906666666666666,3522671790.0,120.20475555555556,240.164,109.08454132080078,1.2602500172585134,256.8163333333334,2023-09-30
223,1255.830161522469,282.6266666666666,7.823333333333333,2.736666666666667,4.244333333333333,234.2503333333333,1314.4,34.19,3656214347.0,121.86107540983606,239.7733333333333,127.09095001220705,1.45096392566862,252.638,2023-12-31
224,1062.6450835475578,291.51166666666666,7.743333333333333,2.1300000000000003,3.973333333333333,234.709,20626.9,34.56,3732814727.0,121.00471612903226,249.94766666666663,118.16600799560548,1.1844983533816589,253.77566666666667,2024-03-31
225,1094.4692319923677,277.33933333333334,8.336666666666668,2.0866666666666664,3.8486666666666665,235.7623333333333,35694.7,34.88,4145135466.0,122.87737936507936,252.73033333333333,135.73266092936197,1.2693016599114952,256.0683333333333,2024-06-30
226,1079.119754680439,265.914,8.409999999999998,2.1133333333333333,3.689333333333333,237.27633333333333,92142.0,35.21,4030090949.0,122.934590625,253.6383333333333,136.90077463785806,1.2880003112979583,255.1553333333333,2024-09-30
227,867.8808497536946,262.96566666666666,8.043333333333333,2.4433333333333334,3.5336666666666665,237.231,34250.0,35.59,3960082426.0,126.0080564516129,254.788,184.395144144694,1.101931660251319,253.2383333333333,2024-12-31
228,1057.833089311859,263.685,8.200000000000001,4.146666666666667,3.6313333333333335,240.426,0.0,35.916666666666664,3452043008.0,127.85811639344264,256.941,337.4603322347005,1.394518432734993,258.461,2025-03-31
229,1060.557184750733,282.10133333333334,8.813333333333333,3.186666666666667,3.555,240.37466666666668,0.0,36.20666666666667,3876542310.0,122.76102063492064,252.3603333333333,554.8351745605469,1.3496921067363314,259.24133333333333,2025-06-30
230,1082.521405373487,280.035,9.06,3.026666666666667,3.757,240.63350000000003,0.0,36.48,4141773607.5,120.6528,240.8855,354.73972574869794,1.351082450483648,262.5025,2025-09-30
